9905,3.75,0,2776,20250401-005001-005500.mp4,4/1/2025,0:52:19
9905,8.25,0,1500,20250401-005500-010001.mp4,4/1/2025,0:56:14
9908,3.25,0,3696,20250401-005500-010001.mp4,4/1/2025,0:58:04
9901,7.5,0,1792,20250401-010500-011001.mp4,4/1/2025,1:06:29
9911,13.25,0,5144,20250401-010500-011001.mp4,4/1/2025,1:09:17
9911,9.25,0,6016,20250401-010500-011001.mp4,4/1/2025,1:10:00
9911,106,0,2744,20250401-011001-011500.mp4,4/1/2025,1:12:18
9905,0.75,0,2980,20250401-011001-011500.mp4,4/1/2025,1:12:29
9911,77.75,0,5528,20250401-011001-011500.mp4,4/1/2025,1:14:37
9906,8.75,0,5984,20250401-011001-011500.mp4,4/1/2025,1:15:00
9906,80.5,0,1388,20250401-011500-012001.mp4,4/1/2025,1:16:09
9906,86,0,6016,20250401-011500-012001.mp4,4/1/2025,1:20:00
9895,10.75,0,4928,20250401-013001-013500.mp4,4/1/2025,1:34:07
9912,6,0,2696,20250401-014500-015001.mp4,4/1/2025,1:47:14
9914,40.25,0,5984,20250401-015001-015500.mp4,4/1/2025,1:55:00
9914,17.25,0,428,20250401-015500-020000.mp4,4/1/2025,1:55:21
9914,35,0,2456,20250401-015500-020000.mp4,4/1/2025,1:57:02
9909,59.75,0,4636,20250401-015500-020000.mp4,4/1/2025,1:58:51
9914,7.5,0,5176,20250401-015500-020000.mp4,4/1/2025,1:59:18
9909,40.75,0,5996,20250401-015500-020000.mp4,4/1/2025,1:59:59
9909,25.75,0,544,20250401-020001-020500.mp4,4/1/2025,2:00:28
9909,3.5,0,664,20250401-020001-020500.mp4,4/1/2025,2:00:34
9909,15.75,0,1680,20250401-020001-020500.mp4,4/1/2025,2:01:24
9900,2.5,0,3284,20250401-020001-020500.mp4,4/1/2025,2:02:45
9909,16,0,5984,20250401-020001-020500.mp4,4/1/2025,2:05:00
9909,5,0,156,20250401-020500-021000.mp4,4/1/2025,2:05:07
9909,18,0,1984,20250401-020500-021000.mp4,4/1/2025,2:06:39
9909,17.75,0,4704,20250401-020500-021000.mp4,4/1/2025,2:08:55
9911,2.5,0,5040,20250401-021000-021500.mp4,4/1/2025,2:14:11
9911,4.25,0,5272,20250401-021000-021500.mp4,4/1/2025,2:14:23
9914,4.75,0,2992,20250401-021500-022000.mp4,4/1/2025,2:17:29
9906,61.5,0,4712,20250401-021500-022000.mp4,4/1/2025,2:18:55
9911,11.5,0,5324,20250401-021500-022000.mp4,4/1/2025,2:19:26
9906,5.5,0,596,20250401-022000-022459.mp4,4/1/2025,2:20:29
9901,91.75,0,3164,20250401-022000-022459.mp4,4/1/2025,2:22:38
9901,4.5,0,3484,20250401-022000-022459.mp4,4/1/2025,2:22:54
9901,10,0,3952,20250401-022000-022459.mp4,4/1/2025,2:23:17
9905,16,0,4348,20250401-022000-022459.mp4,4/1/2025,2:23:37
9901,39.75,0,5268,20250401-022000-022459.mp4,4/1/2025,2:24:23
9901,24.25,0,5984,20250401-022000-022459.mp4,4/1/2025,2:24:59
9901,5.25,0,232,20250401-022500-023000.mp4,4/1/2025,2:25:11
9901,35.75,0,1164,20250401-022500-023000.mp4,4/1/2025,2:25:58
9908,17.5,0,1568,20250401-022500-023000.mp4,4/1/2025,2:26:18
9908,31.25,0,2192,20250401-022500-023000.mp4,4/1/2025,2:26:49
9901,11.25,0,2672,20250401-022500-023000.mp4,4/1/2025,2:27:13
9901,10.5,0,3048,20250401-022500-023000.mp4,4/1/2025,2:27:32
9901,3.5,0,3228,20250401-022500-023000.mp4,4/1/2025,2:27:41
9901,9,0,3516,20250401-022500-023000.mp4,4/1/2025,2:27:55
9908,54.5,0,4524,20250401-022500-023000.mp4,4/1/2025,2:28:46
9906,15.25,0,4960,20250401-022500-023000.mp4,4/1/2025,2:29:07
9906,37.5,0,6016,20250401-022500-023000.mp4,4/1/2025,2:30:00
9906,24.75,0,560,20250401-023000-023501.mp4,4/1/2025,2:30:27
9908,37.25,0,1520,20250401-023000-023501.mp4,4/1/2025,2:31:15
9908,146.25,0,4616,20250401-023000-023501.mp4,4/1/2025,2:33:50
9905,52.75,0,5720,20250401-023000-023501.mp4,4/1/2025,2:34:45
9906,9.25,0,6016,20250401-023000-023501.mp4,4/1/2025,2:35:00
9906,4.5,0,180,20250401-023501-024000.mp4,4/1/2025,2:35:09
9906,4.25,0,524,20250401-023501-024000.mp4,4/1/2025,2:35:27
9908,27,0,5984,20250401-023501-024000.mp4,4/1/2025,2:40:00
9908,32.25,0,588,20250401-024000-024501.mp4,4/1/2025,2:40:29
9905,5.25,0,1852,20250401-024000-024501.mp4,4/1/2025,2:41:32
9905,0.5,0,2380,20250401-024000-024501.mp4,4/1/2025,2:41:58
9905,7.75,0,3600,20250401-024000-024501.mp4,4/1/2025,2:42:59
9905,2.5,0,6016,20250401-024000-024501.mp4,4/1/2025,2:45:00
9895,67.25,0,2104,20250401-024501-025000.mp4,4/1/2025,2:46:46
9895,4.75,0,2264,20250401-024501-025000.mp4,4/1/2025,2:46:54
9905,0.5,0,2528,20250401-024501-025000.mp4,4/1/2025,2:47:07
9895,6.75,0,2852,20250401-024501-025000.mp4,4/1/2025,2:47:23
9895,27.5,0,4504,20250401-024501-025000.mp4,4/1/2025,2:48:46
9895,29.5,0,1456,20250401-025000-025501.mp4,4/1/2025,2:51:12
9895,157.5,0,3184,20250401-030000-030501.mp4,4/1/2025,3:02:39
9895,3.25,0,3944,20250401-030000-030501.mp4,4/1/2025,3:03:17
9911,72,0,3820,20250401-031501-032000.mp4,4/1/2025,3:18:11
9911,1,0,1776,20250401-032000-032501.mp4,4/1/2025,3:21:28
9911,61.25,0,3376,20250401-032000-032501.mp4,4/1/2025,3:22:48
9895,90,0,4552,20250401-032501-033000.mp4,4/1/2025,3:28:48
9911,33,0,5404,20250401-032501-033000.mp4,4/1/2025,3:29:31
9895,51.5,0,892,20250401-033000-033501.mp4,4/1/2025,3:30:44
9895,5,0,1072,20250401-033000-033501.mp4,4/1/2025,3:30:53
9911,35.5,0,1900,20250401-033000-033501.mp4,4/1/2025,3:31:34
9911,12,0,2332,20250401-033000-033501.mp4,4/1/2025,3:31:56
9895,21.5,0,2932,20250401-033000-033501.mp4,4/1/2025,3:32:26
9911,105.25,0,5024,20250401-033000-033501.mp4,4/1/2025,3:34:11
9895,16.75,0,6016,20250401-033000-033501.mp4,4/1/2025,3:35:00
9895,61.25,0,1460,20250401-033501-034000.mp4,4/1/2025,3:36:13
9903,136.25,0,4116,20250401-033501-034000.mp4,4/1/2025,3:38:26
9903,52.25,0,5368,20250401-033501-034000.mp4,4/1/2025,3:39:29
9903,17.25,0,744,20250401-034000-034501.mp4,4/1/2025,3:40:37
9895,36.75,0,6016,20250401-044000-044501.mp4,4/1/2025,4:45:00
9895,311.75,0,5084,20250401-044501-045000.mp4,4/1/2025,4:49:15
9894,283.25,0,6016,20250401-045000-045501.mp4,4/1/2025,4:55:00
9894,52.75,0,988,20250401-045501-050000.mp4,4/1/2025,4:55:50
9906,77.5,0,5984,20250401-050501-051000.mp4,4/1/2025,5:10:00
9906,238.25,0,3884,20250401-051000-051501.mp4,4/1/2025,5:13:14
9909,113.5,0,6016,20250401-052000-052501.mp4,4/1/2025,5:25:00
9909,371.75,0,5984,20250401-052501-053000.mp4,4/1/2025,5:30:00
9909,53.25,0,924,20250401-053000-053501.mp4,4/1/2025,5:30:46
9914,231.5,0,5176,20250401-053000-053501.mp4,4/1/2025,5:34:18
9911,46.5,0,6016,20250401-053000-053501.mp4,4/1/2025,5:35:00
9911,222.25,0,3624,20250401-053501-054000.mp4,4/1/2025,5:38:02
9901,143.25,0,5984,20250401-053501-054000.mp4,4/1/2025,5:40:00
9901,273,0,5028,20250401-054000-054500.mp4,4/1/2025,5:44:11
9903,51.75,0,6016,20250401-054000-054500.mp4,4/1/2025,5:45:00
9903,39.25,0,688,20250401-054501-055000.mp4,4/1/2025,5:45:35
9903,327,0,5984,20250401-054501-055000.mp4,4/1/2025,5:50:00
9903,176,0,2968,20250401-055000-055500.mp4,4/1/2025,5:52:28
9908,185,0,6016,20250401-055000-055500.mp4,4/1/2025,5:55:00
9908,265,0,4300,20250401-055500-060000.mp4,4/1/2025,5:58:34
9915,81.75,0,5982,20250401-055500-060000.mp4,4/1/2025,5:59:58
9915,373.75,0,6016,20250401-060000-060500.mp4,4/1/2025,6:05:00
9915,19.75,0,372,20250401-060500-060959.mp4,4/1/2025,6:05:18
9912,312,0,5632,20250401-060500-060959.mp4,4/1/2025,6:09:41
9900,320.75,0,5568,20250401-061000-061500.mp4,4/1/2025,6:14:38
9905,24,0,6016,20250401-061000-061500.mp4,4/1/2025,6:15:00
9905,360,0,6016,20250401-061500-062001.mp4,4/1/2025,6:20:00
9905,168.25,0,2856,20250401-062001-062500.mp4,4/1/2025,6:22:23
9913,191.5,0,5984,20250401-062001-062500.mp4,4/1/2025,6:25:00
9913,200,0,3276,20250401-062500-063001.mp4,4/1/2025,6:27:43
9916,163.75,0,6016,20250401-062500-063001.mp4,4/1/2025,6:30:00
9916,134,0,2232,20250401-063001-063500.mp4,4/1/2025,6:31:52
9899,15,0,2612,20250401-063001-063500.mp4,4/1/2025,6:32:11
9899,164.75,0,5984,20250401-063001-063500.mp4,4/1/2025,6:35:00
9899,224,0,3696,20250401-063500-064001.mp4,4/1/2025,6:38:04
9899,90.25,0,5572,20250401-063500-064001.mp4,4/1/2025,6:39:38
9913,13.25,0,5984,20250401-064001-064500.mp4,4/1/2025,6:45:00
9913,75.75,0,1628,20250401-064500-065001.mp4,4/1/2025,6:46:21
9917,242.25,0,5984,20250401-070001-070500.mp4,4/1/2025,7:05:00
9917,251.75,0,4204,20250401-070500-071001.mp4,4/1/2025,7:08:30
9906,66.5,0,5476,20250401-070500-071001.mp4,4/1/2025,7:09:33
9912,66,0,1448,20250401-072001-072500.mp4,4/1/2025,7:21:13
9894,31.25,0,2256,20250401-072001-072500.mp4,4/1/2025,7:21:53
9908,4.5,0,3124,20250401-072001-072500.mp4,4/1/2025,7:22:37
9909,45.25,0,1548,20250401-072500-073001.mp4,4/1/2025,7:26:17
9914,57,0,3568,20250401-072500-073001.mp4,4/1/2025,7:27:58
9909,29.25,0,4324,20250401-072500-073001.mp4,4/1/2025,7:28:36
9909,44.25,0,6012,20250401-072500-073001.mp4,4/1/2025,7:30:00
9909,25.5,0,1228,20250401-073001-073500.mp4,4/1/2025,7:31:02
9903,180.75,0,4392,20250401-073500-074000.mp4,4/1/2025,7:38:39
9908,71.5,0,5900,20250401-073500-074000.mp4,4/1/2025,7:39:54
9908,32.75,0,712,20250401-074001-074500.mp4,4/1/2025,7:40:36
9909,31.75,0,1984,20250401-074001-074500.mp4,4/1/2025,7:41:40
9909,8.5,0,2892,20250401-074001-074500.mp4,4/1/2025,7:42:25
9909,19.5,0,3528,20250401-074001-074500.mp4,4/1/2025,7:42:57
9909,48,0,4476,20250401-074001-074500.mp4,4/1/2025,7:43:44
9909,21,0,5984,20250401-074001-074500.mp4,4/1/2025,7:45:00
9909,40.75,0,724,20250401-074500-075000.mp4,4/1/2025,7:45:36
9895,27.5,0,1368,20250401-074500-075000.mp4,4/1/2025,7:46:08
9909,30.5,0,2196,20250401-074500-075000.mp4,4/1/2025,7:46:49
9901,7,0,2572,20250401-074500-075000.mp4,4/1/2025,7:47:08
9909,14.5,0,5820,20250401-074500-075000.mp4,4/1/2025,7:49:50
9909,36,0,2368,20250401-075000-075500.mp4,4/1/2025,7:51:58
9909,83.5,0,4892,20250401-075000-075500.mp4,4/1/2025,7:54:04
9895,58,0,5984,20250401-075000-075500.mp4,4/1/2025,7:54:59
9895,97.25,0,1764,20250401-075500-080000.mp4,4/1/2025,7:56:28
9895,3,0,2124,20250401-075500-080000.mp4,4/1/2025,7:56:46
9908,35.5,0,3264,20250401-075500-080000.mp4,4/1/2025,7:57:43
9908,42.75,0,4084,20250401-075500-080000.mp4,4/1/2025,7:58:24
9908,24.25,0,6000,20250401-075500-080000.mp4,4/1/2025,7:59:59
9908,18.25,0,364,20250401-080000-080459.mp4,4/1/2025,8:00:18
9894,2.75,0,1592,20250401-080000-080459.mp4,4/1/2025,8:01:19
9909,16.5,0,2224,20250401-080000-080459.mp4,4/1/2025,8:01:51
9909,20,0,5984,20250401-080000-080459.mp4,4/1/2025,8:04:59
9909,10.25,0,240,20250401-080500-081000.mp4,4/1/2025,8:05:11
9909,7.5,0,1532,20250401-080500-081000.mp4,4/1/2025,8:06:16
9911,16.25,0,2096,20250401-080500-081000.mp4,4/1/2025,8:06:44
9909,67,0,4528,20250401-080500-081000.mp4,4/1/2025,8:08:46
9901,17,0,6016,20250401-080500-081000.mp4,4/1/2025,8:10:00
9909,11.75,0,5320,20250401-081000-081501.mp4,4/1/2025,8:14:25
9895,44.5,0,1136,20250401-081501-082000.mp4,4/1/2025,8:15:57
9909,27.25,0,2220,20250401-081501-082000.mp4,4/1/2025,8:16:51
9895,156.75,0,5272,20250401-081501-082000.mp4,4/1/2025,8:19:24
9912,33,0,5984,20250401-081501-082000.mp4,4/1/2025,8:20:00
9912,48.5,0,1072,20250401-082000-082501.mp4,4/1/2025,8:20:53
9906,56.25,0,2196,20250401-082000-082501.mp4,4/1/2025,8:21:49
9895,1,0,6016,20250401-082000-082501.mp4,4/1/2025,8:25:00
9895,96.5,0,1976,20250401-082501-083000.mp4,4/1/2025,8:26:39
9895,112.5,0,5108,20250401-082501-083000.mp4,4/1/2025,8:29:16
9912,42,0,5984,20250401-082501-083000.mp4,4/1/2025,8:30:00
9912,18.25,0,420,20250401-083000-083501.mp4,4/1/2025,8:30:20
9895,57,0,1744,20250401-083000-083501.mp4,4/1/2025,8:31:27
9906,147.75,0,5584,20250401-083000-083501.mp4,4/1/2025,8:34:39
9895,3.5,0,6016,20250401-083000-083501.mp4,4/1/2025,8:35:00
9895,40.75,0,1068,20250401-083501-084000.mp4,4/1/2025,8:35:54
9903,24,0,4064,20250401-083501-084000.mp4,4/1/2025,8:38:24
9911,21.25,0,4720,20250401-083501-084000.mp4,4/1/2025,8:38:56
9895,24.75,0,5984,20250401-083501-084000.mp4,4/1/2025,8:40:00
9895,24,0,492,20250401-084000-084501.mp4,4/1/2025,8:40:24
9895,5.75,0,1144,20250401-084000-084501.mp4,4/1/2025,8:40:57
9895,23.75,0,2072,20250401-084000-084501.mp4,4/1/2025,8:41:43
9895,36,0,4060,20250401-084000-084501.mp4,4/1/2025,8:43:22
9903,29.75,0,6016,20250401-084000-084501.mp4,4/1/2025,8:45:00
9903,2,0,116,20250401-084501-085000.mp4,4/1/2025,8:45:06
9912,68.75,0,1740,20250401-084501-085000.mp4,4/1/2025,8:46:27
9895,71.75,0,3448,20250401-085000-085501.mp4,4/1/2025,8:52:52
9895,19.75,0,4564,20250401-085000-085501.mp4,4/1/2025,8:53:48
9916,44.75,0,6016,20250401-085000-085501.mp4,4/1/2025,8:55:00
9916,85.25,0,1660,20250401-085501-090000.mp4,4/1/2025,8:56:23
9895,205.25,0,5516,20250401-085501-090000.mp4,4/1/2025,8:59:36
9895,51.75,0,1696,20250401-090000-090501.mp4,4/1/2025,9:01:24
9916,47,0,4184,20250401-090000-090501.mp4,4/1/2025,9:03:29
9901,27.5,0,4768,20250401-090000-090501.mp4,4/1/2025,9:03:58
9901,230.75,0,5984,20250401-090501-091000.mp4,4/1/2025,9:10:00
9901,66.25,0,1160,20250401-091000-091501.mp4,4/1/2025,9:10:57
9909,40.5,0,2028,20250401-091000-091501.mp4,4/1/2025,9:11:41
9909,17.75,0,2988,20250401-091000-091501.mp4,4/1/2025,9:12:29
9909,11.75,0,3552,20250401-091000-091501.mp4,4/1/2025,9:12:57
9911,143.75,0,6016,20250401-091000-091501.mp4,4/1/2025,9:15:00
9911,117,0,1944,20250401-091501-092000.mp4,4/1/2025,9:16:38
9912,65.25,0,3180,20250401-091501-092000.mp4,4/1/2025,9:17:39
9909,88.75,0,5072,20250401-091501-092000.mp4,4/1/2025,9:19:14
9894,23.75,0,5984,20250401-091501-092000.mp4,4/1/2025,9:20:00
9894,1.25,0,384,20250401-092000-092501.mp4,4/1/2025,9:20:19
9909,12.75,0,1220,20250401-092000-092501.mp4,4/1/2025,9:21:00
9909,12.25,0,1808,20250401-092000-092501.mp4,4/1/2025,9:21:30
9909,6.25,0,3108,20250401-092000-092501.mp4,4/1/2025,9:22:35
9914,4,0,3384,20250401-092000-092501.mp4,4/1/2025,9:22:49
9914,0.5,0,5772,20250401-092000-092501.mp4,4/1/2025,9:24:48
9912,5.25,0,2152,20250401-093000-093500.mp4,4/1/2025,9:31:47
9914,17.5,0,5876,20250401-093000-093500.mp4,4/1/2025,9:34:53
9894,15,0,2264,20250401-093500-094000.mp4,4/1/2025,9:36:53
9906,3.25,0,172,20250401-094000-094500.mp4,4/1/2025,9:40:08
9909,1.5,0,4236,20250401-094000-094500.mp4,4/1/2025,9:43:31
9903,83.5,0,6016,20250401-094000-094500.mp4,4/1/2025,9:45:00
9906,128,0,5984,20250401-094500-095000.mp4,4/1/2025,9:49:59
9906,15.25,0,312,20250401-095000-095500.mp4,4/1/2025,9:50:15
9909,0.75,0,512,20250401-095000-095500.mp4,4/1/2025,9:50:25
9903,57.25,0,5752,20250401-095000-095500.mp4,4/1/2025,9:54:47
9903,12.75,0,684,20250401-095500-095959.mp4,4/1/2025,9:55:34
9895,13.5,0,1056,20250401-095500-095959.mp4,4/1/2025,9:55:52
9895,3,0,1300,20250401-095500-095959.mp4,4/1/2025,9:56:04
9903,39.75,0,2712,20250401-095500-095959.mp4,4/1/2025,9:57:15
9895,11.5,0,3400,20250401-095500-095959.mp4,4/1/2025,9:57:49
9903,4,0,5964,20250401-095500-095959.mp4,4/1/2025,9:59:58
9903,22,0,1816,20250401-100000-100500.mp4,4/1/2025,10:01:30
9895,15.5,0,564,20250401-100500-101001.mp4,4/1/2025,10:05:28
9895,3,0,1036,20250401-100500-101001.mp4,4/1/2025,10:05:51
9895,13,0,2636,20250401-100500-101001.mp4,4/1/2025,10:07:11
9915,20.5,0,6016,20250401-100500-101001.mp4,4/1/2025,10:10:00
9915,16.75,0,1100,20250401-101001-101500.mp4,4/1/2025,10:10:55
9895,0.25,0,2548,20250401-101001-101500.mp4,4/1/2025,10:12:08
9913,211.75,0,3452,20250401-101500-102001.mp4,4/1/2025,10:17:52
9915,150.5,0,6016,20250401-101500-102001.mp4,4/1/2025,10:20:00
9915,35.25,0,628,20250401-102001-102500.mp4,4/1/2025,10:20:32
9895,62,0,1848,20250401-102001-102500.mp4,4/1/2025,10:21:33
9912,50.25,0,2832,20250401-102001-102500.mp4,4/1/2025,10:22:22
9912,47.75,0,3976,20250401-102001-102500.mp4,4/1/2025,10:23:19
9906,54,0,5052,20250401-102001-102500.mp4,4/1/2025,10:24:13
9906,59.75,0,1112,20250401-102500-103001.mp4,4/1/2025,10:25:55
9908,233.75,0,6016,20250401-102500-103001.mp4,4/1/2025,10:30:00
9908,145.25,0,2404,20250401-103001-103500.mp4,4/1/2025,10:32:01
9906,13.75,0,2708,20250401-103001-103500.mp4,4/1/2025,10:32:16
9895,73,0,4092,20250401-103001-103500.mp4,4/1/2025,10:33:25
9912,103.5,0,5984,20250401-103001-103500.mp4,4/1/2025,10:35:00
9912,104.25,0,1872,20250401-103500-104001.mp4,4/1/2025,10:36:33
9912,91.5,0,3772,20250401-103500-104001.mp4,4/1/2025,10:38:08
9914,125.75,0,6016,20250401-103500-104001.mp4,4/1/2025,10:40:00
9914,105.5,0,1756,20250401-104001-104500.mp4,4/1/2025,10:41:28
9903,235.25,0,5984,20250401-104001-104500.mp4,4/1/2025,10:45:00
9903,80.25,0,1364,20250401-104500-105001.mp4,4/1/2025,10:46:08
9903,55.5,0,5540,20250401-104500-105001.mp4,4/1/2025,10:49:36
9895,23,0,6016,20250401-104500-105001.mp4,4/1/2025,10:50:00
9895,237.25,0,3868,20250401-105001-105500.mp4,4/1/2025,10:53:14
9894,66.75,0,5520,20250401-105001-105500.mp4,4/1/2025,10:54:36
9894,20.5,0,5984,20250401-105001-105500.mp4,4/1/2025,10:55:00
9894,10.75,0,412,20250401-105500-110001.mp4,4/1/2025,10:55:20
9894,12,0,764,20250401-105500-110001.mp4,4/1/2025,10:55:38
9906,90.75,0,2596,20250401-105500-110001.mp4,4/1/2025,10:57:09
9912,156,0,5320,20250401-105500-110001.mp4,4/1/2025,10:59:25
9912,16,0,5880,20250401-105500-110001.mp4,4/1/2025,10:59:53
9906,33,0,656,20250401-110001-110500.mp4,4/1/2025,11:00:33
9900,24.25,0,1404,20250401-110001-110500.mp4,4/1/2025,11:01:11
9894,73,0,2920,20250401-110001-110500.mp4,4/1/2025,11:02:26
9905,14,0,3496,20250401-110001-110500.mp4,4/1/2025,11:02:55
9900,14.75,0,5984,20250401-110001-110500.mp4,4/1/2025,11:05:00
9900,38.25,0,800,20250401-110500-111001.mp4,4/1/2025,11:05:39
9905,282,0,6016,20250401-110500-111001.mp4,4/1/2025,11:10:00
9905,258,0,4248,20250401-111001-111500.mp4,4/1/2025,11:13:33
9916,68.25,0,5520,20250401-111001-111500.mp4,4/1/2025,11:14:36
9916,24.25,0,5984,20250401-111001-111500.mp4,4/1/2025,11:15:00
9916,241.25,0,3940,20250401-111500-112000.mp4,4/1/2025,11:18:16
9916,26.5,0,4508,20250401-111500-112000.mp4,4/1/2025,11:18:45
9903,31.25,0,5288,20250401-111500-112000.mp4,4/1/2025,11:19:24
9912,35.75,0,6016,20250401-111500-112000.mp4,4/1/2025,11:20:00
9912,304.5,0,4968,20250401-112001-112500.mp4,4/1/2025,11:24:09
9917,34,0,5984,20250401-112001-112500.mp4,4/1/2025,11:25:00
9917,318.25,0,5156,20250401-112500-113000.mp4,4/1/2025,11:29:17
9906,5.25,0,5492,20250401-112500-113000.mp4,4/1/2025,11:29:34
9917,1.5,0,5936,20250401-112500-113000.mp4,4/1/2025,11:29:56
9899,30.25,0,4616,20250401-113000-113500.mp4,4/1/2025,11:33:50
9894,2.25,0,2084,20250401-113500-114000.mp4,4/1/2025,11:36:44
9894,1,0,3080,20250401-113500-114000.mp4,4/1/2025,11:37:33
9894,0.75,0,3916,20250401-113500-114000.mp4,4/1/2025,11:38:15
9906,17.5,0,4340,20250401-113500-114000.mp4,4/1/2025,11:38:36
9895,1.75,0,4800,20250401-113500-114000.mp4,4/1/2025,11:38:59
9901,248,0,5284,20250401-114000-114500.mp4,4/1/2025,11:44:24
9909,37.5,0,5984,20250401-114000-114500.mp4,4/1/2025,11:44:59
9909,300.25,0,4868,20250401-114500-115000.mp4,4/1/2025,11:49:03
9899,52.25,0,6016,20250401-114500-115000.mp4,4/1/2025,11:50:00
9899,364,0,5936,20250401-115000-115459.mp4,4/1/2025,11:54:56
9894,244.25,0,4116,20250401-115500-120000.mp4,4/1/2025,11:58:25
9913,43.75,0,1248,20250401-120000-120501.mp4,4/1/2025,12:01:02
9913,47.75,0,4940,20250401-120000-120501.mp4,4/1/2025,12:04:06
9903,34.5,0,1640,20250401-120501-121000.mp4,4/1/2025,12:06:22
9903,86.75,0,4080,20250401-120501-121000.mp4,4/1/2025,12:08:24
9903,6.25,0,704,20250401-121000-121501.mp4,4/1/2025,12:10:35
9911,27.25,0,4172,20250401-121000-121501.mp4,4/1/2025,12:13:28
9900,66,0,1264,20250401-121501-122000.mp4,4/1/2025,12:16:04
9895,48.5,0,4204,20250401-121501-122000.mp4,4/1/2025,12:18:31
9911,29.5,0,5396,20250401-121501-122000.mp4,4/1/2025,12:19:30
9900,6,0,6016,20250401-122000-122501.mp4,4/1/2025,12:25:00
9900,64.25,0,1176,20250401-122501-123000.mp4,4/1/2025,12:25:59
9900,22,0,6016,20250401-123000-123501.mp4,4/1/2025,12:35:00
9900,28.5,0,644,20250401-123501-124000.mp4,4/1/2025,12:35:33
9900,73.75,0,4152,20250401-125000-125501.mp4,4/1/2025,12:53:27
9915,258.5,0,6016,20250401-141500-142001.mp4,4/1/2025,14:20:00
9915,4.25,0,144,20250401-142001-142500.mp4,4/1/2025,14:20:08
9912,65,0,1360,20250401-142001-142500.mp4,4/1/2025,14:21:08
9895,13.25,0,1708,20250401-142001-142500.mp4,4/1/2025,14:21:26
9895,14.75,0,2252,20250401-142001-142500.mp4,4/1/2025,14:21:53
9906,227.75,0,5984,20250401-142001-142500.mp4,4/1/2025,14:25:00
9906,41,0,724,20250401-142500-143001.mp4,4/1/2025,14:25:36
9894,28.25,0,1532,20250401-142500-143001.mp4,4/1/2025,14:26:16
9894,84.25,0,3172,20250401-142500-143001.mp4,4/1/2025,14:27:38
9894,65.5,0,6016,20250401-142500-143001.mp4,4/1/2025,14:30:00
9894,22.25,0,512,20250401-143001-143500.mp4,4/1/2025,14:30:26
9901,182.25,0,3628,20250401-143001-143500.mp4,4/1/2025,14:33:02
9914,102,0,5984,20250401-143001-143500.mp4,4/1/2025,14:35:00
9914,66.75,0,1132,20250401-143500-144001.mp4,4/1/2025,14:35:56
9914,73.75,0,2432,20250401-143500-144001.mp4,4/1/2025,14:37:01
9905,130.5,0,4764,20250401-143500-144001.mp4,4/1/2025,14:38:58
9905,68.75,0,6016,20250401-143500-144001.mp4,4/1/2025,14:40:00
9905,2.25,0,204,20250401-144001-144500.mp4,4/1/2025,14:40:11
9905,6.5,0,608,20250401-144001-144500.mp4,4/1/2025,14:40:31
9917,45.25,0,3604,20250401-144001-144500.mp4,4/1/2025,14:43:01
9909,10.75,0,2440,20250401-144500-145001.mp4,4/1/2025,14:47:01
9911,2,0,4148,20250401-144500-145001.mp4,4/1/2025,14:48:27
9895,48,0,6016,20250401-152500-153000.mp4,4/1/2025,15:30:00
9895,182.75,0,3016,20250401-153000-153500.mp4,4/1/2025,15:32:30
9912,6.75,0,6016,20250401-154500-155000.mp4,4/1/2025,15:50:00
9912,83.75,0,1472,20250401-155000-155501.mp4,4/1/2025,15:51:13
9900,279,0,6016,20250401-155000-155501.mp4,4/1/2025,15:55:00
9912,110.75,0,2180,20250401-160000-160501.mp4,4/1/2025,16:01:48
9912,35,0,2912,20250401-160000-160501.mp4,4/1/2025,16:02:25
9915,23.5,0,5720,20250401-160000-160501.mp4,4/1/2025,16:04:45
9894,109,0,3204,20250401-160501-161000.mp4,4/1/2025,16:07:41
9894,80,0,4864,20250401-160501-161000.mp4,4/1/2025,16:09:04
9916,35.5,0,5984,20250401-160501-161000.mp4,4/1/2025,16:10:00
9916,196.25,0,3576,20250401-161000-161501.mp4,4/1/2025,16:12:58
9894,137.25,0,6016,20250401-161000-161501.mp4,4/1/2025,16:15:00
9894,87.5,0,2116,20250401-161501-162000.mp4,4/1/2025,16:16:46
9911,237,0,5984,20250401-161501-162000.mp4,4/1/2025,16:20:00
9911,40.25,0,988,20250401-162000-162501.mp4,4/1/2025,16:20:49
9908,303.75,0,6016,20250401-162000-162501.mp4,4/1/2025,16:25:00
9908,158.25,0,2612,20250401-162501-163000.mp4,4/1/2025,16:27:11
9905,199.75,0,5984,20250401-162501-163000.mp4,4/1/2025,16:30:00
9905,151.75,0,2492,20250401-163000-163501.mp4,4/1/2025,16:32:04
9903,215.75,0,6016,20250401-163000-163501.mp4,4/1/2025,16:35:00
9903,197.25,0,3308,20250401-163501-164000.mp4,4/1/2025,16:37:46
9913,163,0,5984,20250401-163501-164000.mp4,4/1/2025,16:40:00
9913,125.75,0,2100,20250401-164000-164501.mp4,4/1/2025,16:41:44
9901,135,0,4468,20250401-164000-164501.mp4,4/1/2025,16:43:43
9909,92.25,0,6016,20250401-164000-164501.mp4,4/1/2025,16:45:00
9909,143.25,0,2356,20250401-164501-165000.mp4,4/1/2025,16:46:58
9912,217.25,0,5984,20250401-164501-165000.mp4,4/1/2025,16:50:00
9912,98.5,0,1648,20250401-165000-165501.mp4,4/1/2025,16:51:22
9917,15,0,2272,20250401-165000-165501.mp4,4/1/2025,16:51:53
9917,218.5,0,6016,20250401-165000-165501.mp4,4/1/2025,16:55:00
9917,144.25,0,2516,20250401-165501-170000.mp4,4/1/2025,16:57:06
9899,203.25,0,5979,20250401-165501-170000.mp4,4/1/2025,16:59:59
9899,178.75,0,2940,20250401-170000-170500.mp4,4/1/2025,17:02:26
9900,97.75,0,5696,20250401-170000-170500.mp4,4/1/2025,17:04:44
9900,0.5,0,4520,20250401-170501-171000.mp4,4/1/2025,17:08:46
9913,32.25,0,5568,20250401-170501-171000.mp4,4/1/2025,17:09:39
9900,23.25,0,2024,20250401-171500-172000.mp4,4/1/2025,17:16:41
9917,14.5,0,1984,20250401-172000-172500.mp4,4/1/2025,17:21:39
9915,30.25,0,2960,20250401-172500-173000.mp4,4/1/2025,17:27:27
9915,58.75,0,5872,20250401-172500-173000.mp4,4/1/2025,17:29:53
9915,18.75,0,1092,20250401-173000-173500.mp4,4/1/2025,17:30:54
9901,120.25,0,6016,20250401-173000-173500.mp4,4/1/2025,17:35:00
9901,28.75,0,612,20250401-173500-173959.mp4,4/1/2025,17:35:30
9914,43,0,2788,20250401-173500-173959.mp4,4/1/2025,17:37:19
9914,26,0,3728,20250401-173500-173959.mp4,4/1/2025,17:38:06
9909,51.5,0,5012,20250401-173500-173959.mp4,4/1/2025,17:39:10
9909,37,0,2856,20250401-174000-174500.mp4,4/1/2025,17:42:22
9909,10.5,0,3948,20250401-174000-174500.mp4,4/1/2025,17:43:17
9909,72.5,0,6000,20250401-174000-174500.mp4,4/1/2025,17:44:59
9915,196,0,3660,20250401-174500-175001.mp4,4/1/2025,17:48:02
9914,53,0,3616,20250401-175001-175500.mp4,4/1/2025,17:53:01
9914,62,0,5764,20250401-175001-175500.mp4,4/1/2025,17:54:49
9913,36.75,0,1264,20250401-175500-180001.mp4,4/1/2025,17:56:03
9906,8.75,0,2428,20250401-175500-180001.mp4,4/1/2025,17:57:01
9915,10.25,0,5620,20250401-175500-180001.mp4,4/1/2025,17:59:40
9895,5.75,0,5872,20250401-175500-180001.mp4,4/1/2025,17:59:53
9913,10,0,368,20250401-180001-180500.mp4,4/1/2025,18:00:19
9900,18.5,0,856,20250401-180001-180500.mp4,4/1/2025,18:00:43
9903,36.75,0,3020,20250401-180001-180500.mp4,4/1/2025,18:02:31
9906,32,0,3892,20250401-180001-180500.mp4,4/1/2025,18:03:15
9914,34.25,0,5352,20250401-180001-180500.mp4,4/1/2025,18:04:28
9895,13,0,5984,20250401-180001-180500.mp4,4/1/2025,18:05:00
9895,41.5,0,760,20250401-180500-181001.mp4,4/1/2025,18:05:37
9895,20.5,0,1364,20250401-180500-181001.mp4,4/1/2025,18:06:08
9895,5.75,0,1628,20250401-180500-181001.mp4,4/1/2025,18:06:21
9909,15.25,0,2028,20250401-180500-181001.mp4,4/1/2025,18:06:41
9916,59.75,0,3700,20250401-180500-181001.mp4,4/1/2025,18:08:04
9916,53.75,0,4776,20250401-180500-181001.mp4,4/1/2025,18:08:58
9909,6.25,0,5168,20250401-180500-181001.mp4,4/1/2025,18:09:18
9916,9,0,5508,20250401-180500-181001.mp4,4/1/2025,18:09:35
9909,17.25,0,6016,20250401-180500-181001.mp4,4/1/2025,18:10:00
9909,19.75,0,532,20250401-181001-181500.mp4,4/1/2025,18:10:27
9908,29.5,0,3676,20250401-181001-181500.mp4,4/1/2025,18:13:04
9908,43,0,5036,20250401-181001-181500.mp4,4/1/2025,18:14:12
9906,43.5,0,5984,20250401-181001-181500.mp4,4/1/2025,18:15:00
9906,110.75,0,1840,20250401-181500-182001.mp4,4/1/2025,18:16:31
9901,255.5,0,6016,20250401-181500-182001.mp4,4/1/2025,18:20:00
9901,117,0,2024,20250401-182001-182500.mp4,4/1/2025,18:21:42
9894,0.5,0,2560,20250401-182001-182500.mp4,4/1/2025,18:22:08
9895,1,0,3180,20250401-182001-182500.mp4,4/1/2025,18:22:39
9915,7.25,0,3552,20250401-182001-182500.mp4,4/1/2025,18:22:58
9916,39.5,0,4372,20250401-182001-182500.mp4,4/1/2025,18:23:39
9913,3.75,0,4716,20250401-182001-182500.mp4,4/1/2025,18:23:56
9911,13.75,0,664,20250401-182500-183001.mp4,4/1/2025,18:25:33
9903,34.5,0,1560,20250401-182500-183001.mp4,4/1/2025,18:26:17
9903,25.75,0,3352,20250401-182500-183001.mp4,4/1/2025,18:27:47
9900,2,0,3576,20250401-182500-183001.mp4,4/1/2025,18:27:58
9914,10.75,0,4196,20250401-182500-183001.mp4,4/1/2025,18:28:29
9915,36.75,0,2496,20250401-183001-183500.mp4,4/1/2025,18:32:05
9915,9.5,0,3824,20250401-183001-183500.mp4,4/1/2025,18:33:12
9900,23.25,0,4452,20250401-183001-183500.mp4,4/1/2025,18:33:43
9901,22.5,0,5488,20250401-183001-183500.mp4,4/1/2025,18:34:35
9916,11,0,1256,20250401-183500-184001.mp4,4/1/2025,18:36:02
9895,45,0,3620,20250401-183500-184001.mp4,4/1/2025,18:38:00
9895,10.75,0,4444,20250401-183500-184001.mp4,4/1/2025,18:38:42
9895,31.75,0,5676,20250401-183500-184001.mp4,4/1/2025,18:39:43
9917,5.5,0,6016,20250401-183500-184001.mp4,4/1/2025,18:40:00
9917,34.75,0,1600,20250401-184001-184500.mp4,4/1/2025,18:41:20
9917,49.5,0,3928,20250401-184001-184500.mp4,4/1/2025,18:43:17
9895,8,0,4192,20250401-184001-184500.mp4,4/1/2025,18:43:30
9917,25.5,0,5984,20250401-184001-184500.mp4,4/1/2025,18:45:00
9917,33.5,0,640,20250401-184500-185001.mp4,4/1/2025,18:45:31
9900,33,0,2808,20250401-184500-185001.mp4,4/1/2025,18:47:20
9909,22.75,0,3460,20250401-184500-185001.mp4,4/1/2025,18:47:52
9909,13,0,5340,20250401-184500-185001.mp4,4/1/2025,18:49:26
9909,12.5,0,2436,20250401-185001-185500.mp4,4/1/2025,18:52:02
9917,47.75,0,4684,20250401-185001-185500.mp4,4/1/2025,18:53:55
9895,32,0,5984,20250401-185001-185500.mp4,4/1/2025,18:55:00
9895,9.75,0,1028,20250401-185500-190000.mp4,4/1/2025,18:55:51
9912,61,0,2972,20250401-185500-190000.mp4,4/1/2025,18:57:28
9912,8.75,0,4332,20250401-185500-190000.mp4,4/1/2025,18:58:36
9913,17,0,2452,20250401-191000-191500.mp4,4/1/2025,19:12:02
9909,40.75,0,6012,20250401-195000-195501.mp4,4/1/2025,19:55:00
9912,4,0,480,20250401-195501-200000.mp4,4/1/2025,19:55:24
9895,270,0,5848,20250401-200000-200501.mp4,4/1/2025,20:04:52
9894,3.75,0,428,20250401-200501-201000.mp4,4/1/2025,20:05:22
9894,253.25,0,5396,20250401-200501-201000.mp4,4/1/2025,20:09:30
9908,8.75,0,5984,20250401-200501-201000.mp4,4/1/2025,20:10:00
9908,371.5,0,6016,20250401-201000-201501.mp4,4/1/2025,20:15:00
9908,21.25,0,412,20250401-201501-202000.mp4,4/1/2025,20:15:21
9913,41.25,0,1192,20250401-201501-202000.mp4,4/1/2025,20:16:00
9913,8,0,1424,20250401-201501-202000.mp4,4/1/2025,20:16:12
9913,254.25,0,5696,20250401-201501-202000.mp4,4/1/2025,20:19:45
9917,276.25,0,5192,20250401-202000-202501.mp4,4/1/2025,20:24:19
9911,37.5,0,6016,20250401-202000-202501.mp4,4/1/2025,20:25:00
9911,217.25,0,3564,20250401-202501-203000.mp4,4/1/2025,20:27:59
9901,16.25,0,2284,20250401-203000-203501.mp4,4/1/2025,20:31:54
9901,33.25,0,4200,20250401-203000-203501.mp4,4/1/2025,20:33:29
9901,1.5,0,5368,20250401-203000-203501.mp4,4/1/2025,20:34:28
9914,12,0,5984,20250401-204501-205000.mp4,4/1/2025,20:50:00
9914,5.25,0,1076,20250401-205000-205500.mp4,4/1/2025,20:50:53
9914,47.5,0,4388,20250401-205000-205500.mp4,4/1/2025,20:53:39
9915,1,0,2272,20250401-205501-210000.mp4,4/1/2025,20:56:54
9915,5.25,0,4572,20250401-205501-210000.mp4,4/1/2025,20:58:49
9915,1,0,5852,20250401-205501-210000.mp4,4/1/2025,20:59:53
9915,1.75,0,4132,20250401-210000-210500.mp4,4/1/2025,21:03:26
9915,11.5,0,5228,20250401-210000-210500.mp4,4/1/2025,21:04:21
9915,41.25,0,4780,20250401-210500-211000.mp4,4/1/2025,21:08:58
9915,10.25,0,6016,20250401-211000-211500.mp4,4/1/2025,21:15:00
9915,21.5,0,492,20250401-211500-211959.mp4,4/1/2025,21:15:24
9903,5.75,0,1464,20250401-211500-211959.mp4,4/1/2025,21:16:13
9903,16,0,5248,20250401-211500-211959.mp4,4/1/2025,21:19:22
9901,125.5,0,5984,20250401-215001-215500.mp4,4/1/2025,21:55:00
9901,100,0,1696,20250401-215500-220001.mp4,4/1/2025,21:56:24
9915,104.75,0,5984,20250401-220001-220500.mp4,4/1/2025,22:05:00
9915,211.5,0,3452,20250401-220500-221001.mp4,4/1/2025,22:07:52
9899,155.75,0,6016,20250401-220500-221001.mp4,4/1/2025,22:10:00
9899,93.25,0,1680,20250401-221001-221500.mp4,4/1/2025,22:11:24
9903,262.25,0,5984,20250401-221001-221500.mp4,4/1/2025,22:15:00
9903,65.5,0,1208,20250401-221500-222001.mp4,4/1/2025,22:16:00
9915,24.25,0,1980,20250401-221500-222001.mp4,4/1/2025,22:16:38
9903,16,0,1224,20250401-222001-222500.mp4,4/1/2025,22:21:02
9916,184.75,0,5984,20250401-222001-222500.mp4,4/1/2025,22:25:00
9916,31.5,0,584,20250401-222500-223001.mp4,4/1/2025,22:25:29
9916,26.5,0,1300,20250401-222500-223001.mp4,4/1/2025,22:26:04
9900,280.5,0,6016,20250401-222500-223001.mp4,4/1/2025,22:30:00
9900,10.25,0,244,20250401-223001-223500.mp4,4/1/2025,22:30:13
9914,153.25,0,5984,20250401-223001-223500.mp4,4/1/2025,22:35:00
9914,35.5,0,648,20250401-223500-224001.mp4,4/1/2025,22:35:32
9911,44,0,4492,20250401-230500-231000.mp4,4/1/2025,23:08:44
9915,91,0,3640,20250401-234000-234501.mp4,4/1/2025,23:43:01
9903,71,0,4216,20250402-000000-000501.mp4,4/2/2025,0:03:30
9915,191.25,0,5984,20250402-000501-001000.mp4,4/2/2025,0:10:00
9915,49,0,876,20250402-001000-001501.mp4,4/2/2025,0:10:43
9917,71.5,0,5808,20250402-001000-001501.mp4,4/2/2025,0:14:50
9912,64,0,6016,20250402-002000-002501.mp4,4/2/2025,0:25:00
9909,25.5,0,2856,20250402-003000-003501.mp4,4/2/2025,0:32:22
9909,25,0,5184,20250402-003000-003501.mp4,4/2/2025,0:34:19
9909,26.75,0,2824,20250402-003501-004000.mp4,4/2/2025,0:37:22
9914,33.25,0,2552,20250402-004501-005000.mp4,4/2/2025,0:47:08
9894,136,0,2800,20250402-010000-010500.mp4,4/2/2025,1:02:19
9894,31.25,0,4280,20250402-010000-010500.mp4,4/2/2025,1:03:33
9917,77,0,6016,20250402-010000-010500.mp4,4/2/2025,1:05:00
9917,44.25,0,940,20250402-010500-010959.mp4,4/2/2025,1:05:46
9912,6.25,0,2996,20250402-011000-011500.mp4,4/2/2025,1:12:29
9915,66.5,0,4476,20250402-011000-011500.mp4,4/2/2025,1:13:43
9917,50.5,0,1980,20250402-011500-012001.mp4,4/2/2025,1:16:38
9912,89.5,0,3828,20250402-011500-012001.mp4,4/2/2025,1:18:11
9905,24.5,0,4168,20250402-012001-012500.mp4,4/2/2025,1:23:29
9915,21.25,0,5992,20250402-012500-013001.mp4,4/2/2025,1:29:59
9901,357.5,0,5984,20250402-013001-013500.mp4,4/2/2025,1:35:00
9901,289.75,0,4784,20250402-013500-014001.mp4,4/2/2025,1:38:59
9915,6,0,5076,20250402-013500-014001.mp4,4/2/2025,1:39:13
9915,28.75,0,932,20250402-014500-015001.mp4,4/2/2025,1:45:46
9914,42.25,0,3296,20250402-014500-015001.mp4,4/2/2025,1:47:44
9909,19.5,0,3728,20250402-014500-015001.mp4,4/2/2025,1:48:06
9909,135.5,0,6016,20250402-014500-015001.mp4,4/2/2025,1:50:00
9909,72.25,0,1352,20250402-015001-015500.mp4,4/2/2025,1:51:08
9909,93.5,0,3208,20250402-015001-015500.mp4,4/2/2025,1:52:41
9909,73,0,4704,20250402-015001-015500.mp4,4/2/2025,1:53:56
9909,33.75,0,5448,20250402-015001-015500.mp4,4/2/2025,1:54:33
9909,7.75,0,5984,20250402-015001-015500.mp4,4/2/2025,1:55:00
9909,29,0,536,20250402-015500-020001.mp4,4/2/2025,1:55:26
9909,16,0,1692,20250402-015500-020001.mp4,4/2/2025,1:56:24
9909,24,0,3136,20250402-015500-020001.mp4,4/2/2025,1:57:36
9909,17.25,0,3904,20250402-015500-020001.mp4,4/2/2025,1:58:15
9906,27,0,4556,20250402-015500-020001.mp4,4/2/2025,1:58:47
9899,1,0,5100,20250402-015500-020001.mp4,4/2/2025,1:59:14
9894,98.25,0,2660,20250402-021500-022001.mp4,4/2/2025,2:17:12
9911,19.25,0,1132,20250402-022001-022500.mp4,4/2/2025,2:20:57
9913,19,0,5984,20250402-022001-022500.mp4,4/2/2025,2:25:00
9913,37.25,0,684,20250402-022500-023001.mp4,4/2/2025,2:25:34
9895,7,0,2480,20250402-023001-023500.mp4,4/2/2025,2:32:04
9913,8.75,0,816,20250402-024500-025000.mp4,4/2/2025,2:45:40
9915,27.75,0,3304,20250402-030500-031000.mp4,4/2/2025,3:07:45
9915,80,0,5884,20250402-030500-031000.mp4,4/2/2025,3:09:54
9915,12.75,0,392,20250402-031000-031501.mp4,4/2/2025,3:10:19
9917,57.25,0,2096,20250402-031000-031501.mp4,4/2/2025,3:11:44
9894,14,0,2564,20250402-031000-031501.mp4,4/2/2025,3:12:08
9894,49.75,0,3716,20250402-031000-031501.mp4,4/2/2025,3:13:05
9906,24,0,4256,20250402-031000-031501.mp4,4/2/2025,3:13:32
9894,0.25,0,5812,20250402-031000-031501.mp4,4/2/2025,3:14:50
9905,102.75,0,5984,20250402-031501-032000.mp4,4/2/2025,3:20:00
9905,23.75,0,472,20250402-032000-032501.mp4,4/2/2025,3:20:23
9906,121.75,0,2864,20250402-032000-032501.mp4,4/2/2025,3:22:23
9914,19,0,3616,20250402-032000-032501.mp4,4/2/2025,3:23:00
9914,178.25,0,5984,20250402-032501-033000.mp4,4/2/2025,3:30:00
9914,61.5,0,1208,20250402-033000-033501.mp4,4/2/2025,3:31:00
9914,44.25,0,3096,20250402-033000-033501.mp4,4/2/2025,3:32:34
9895,75,0,6016,20250402-033000-033501.mp4,4/2/2025,3:35:00
9895,11.5,0,368,20250402-033501-034000.mp4,4/2/2025,3:35:19
9899,31.25,0,2608,20250402-033501-034000.mp4,4/2/2025,3:37:11
9895,64.5,0,4116,20250402-034000-034501.mp4,4/2/2025,3:43:25
9913,21,0,5984,20250402-042001-042500.mp4,4/2/2025,4:25:00
9913,263.25,0,4288,20250402-042500-043001.mp4,4/2/2025,4:28:34
9900,78.75,0,5984,20250402-043001-043500.mp4,4/2/2025,4:35:00
9900,210.75,0,3488,20250402-043500-044000.mp4,4/2/2025,4:37:54
9915,153.25,0,6016,20250402-043500-044000.mp4,4/2/2025,4:40:00
9915,275.25,0,4504,20250402-044001-044500.mp4,4/2/2025,4:43:46
9894,83.5,0,5984,20250402-044001-044500.mp4,4/2/2025,4:45:00
9894,319.5,0,5224,20250402-044500-045000.mp4,4/2/2025,4:49:21
9894,34.25,0,6016,20250402-044500-045000.mp4,4/2/2025,4:50:00
9894,19.75,0,416,20250402-045000-045500.mp4,4/2/2025,4:50:20
9906,264.5,0,5984,20250402-050000-050459.mp4,4/2/2025,5:04:59
9906,16.25,0,328,20250402-050500-051000.mp4,4/2/2025,5:05:16
9895,303.5,0,5496,20250402-050500-051000.mp4,4/2/2025,5:09:34
9917,303.5,0,6016,20250402-051000-051501.mp4,4/2/2025,5:15:00
9917,106.25,0,1776,20250402-051501-052000.mp4,4/2/2025,5:16:29
9912,252.5,0,5984,20250402-051501-052000.mp4,4/2/2025,5:20:00
9912,23.5,0,440,20250402-052000-052501.mp4,4/2/2025,5:20:21
9914,332.5,0,5908,20250402-052000-052501.mp4,4/2/2025,5:24:55
9903,1.25,0,6016,20250402-052000-052501.mp4,4/2/2025,5:25:00
9903,370.25,0,5984,20250402-052501-053000.mp4,4/2/2025,5:30:00
9903,92.75,0,1620,20250402-053000-053501.mp4,4/2/2025,5:31:20
9901,268.75,0,6016,20250402-053000-053501.mp4,4/2/2025,5:35:00
9901,22.75,0,476,20250402-053501-054000.mp4,4/2/2025,5:35:24
9911,332,0,5984,20250402-053501-054000.mp4,4/2/2025,5:40:00
9911,102.25,0,2108,20250402-054000-054501.mp4,4/2/2025,5:41:45
9899,16.75,0,5975,20250402-055501-060000.mp4,4/2/2025,5:59:59
9899,87.75,0,2032,20250402-060000-060501.mp4,4/2/2025,6:01:41
9905,2.75,0,2236,20250402-060000-060501.mp4,4/2/2025,6:01:51
9916,7.25,0,2788,20250402-060000-060501.mp4,4/2/2025,6:02:19
9916,4.25,0,3664,20250402-060000-060501.mp4,4/2/2025,6:03:03
9899,13.5,0,4988,20250402-060000-060501.mp4,4/2/2025,6:04:09
9916,6,0,1320,20250402-060501-061000.mp4,4/2/2025,6:06:06
9899,158.25,0,5792,20250402-060501-061000.mp4,4/2/2025,6:09:50
9899,6.75,0,5984,20250402-060501-061000.mp4,4/2/2025,6:10:00
9899,28.5,0,532,20250402-061000-061501.mp4,4/2/2025,6:10:26
9916,332.5,0,6016,20250402-061000-061501.mp4,4/2/2025,6:15:00
9916,76,0,1284,20250402-061501-062000.mp4,4/2/2025,6:16:05
9908,284,0,5984,20250402-061501-062000.mp4,4/2/2025,6:20:00
9908,274,0,4472,20250402-062000-062501.mp4,4/2/2025,6:23:43
9909,18.5,0,4880,20250402-062000-062501.mp4,4/2/2025,6:24:03
9909,27,0,5428,20250402-062000-062501.mp4,4/2/2025,6:24:31
9909,31.75,0,6016,20250402-062000-062501.mp4,4/2/2025,6:25:00
9909,70.5,0,1304,20250402-062501-063000.mp4,4/2/2025,6:26:06
9909,75.75,0,2544,20250402-062501-063000.mp4,4/2/2025,6:27:08
9909,19.5,0,2984,20250402-062501-063000.mp4,4/2/2025,6:27:30
9905,150,0,5984,20250402-062501-063000.mp4,4/2/2025,6:30:00
9905,373.75,0,6016,20250402-063000-063500.mp4,4/2/2025,6:35:00
9905,368.75,0,5984,20250402-063501-064000.mp4,4/2/2025,6:40:00
9905,41.25,0,872,20250402-064000-064500.mp4,4/2/2025,6:40:43
9909,43,0,1708,20250402-064000-064500.mp4,4/2/2025,6:41:25
9909,19,0,2180,20250402-064000-064500.mp4,4/2/2025,6:41:48
9900,37.25,0,4140,20250402-064000-064500.mp4,4/2/2025,6:43:26
9912,9.25,0,6016,20250402-064000-064500.mp4,4/2/2025,6:45:00
9912,39,0,808,20250402-064500-065000.mp4,4/2/2025,6:45:40
9912,43.5,0,1244,20250402-065500-065959.mp4,4/2/2025,6:56:02
9900,58.5,0,1480,20250402-070500-071001.mp4,4/2/2025,7:06:13
9894,42.25,0,3128,20250402-070500-071001.mp4,4/2/2025,7:07:36
9894,123.5,0,5356,20250402-071500-072001.mp4,4/2/2025,7:19:27
9899,14.25,0,6016,20250402-071500-072001.mp4,4/2/2025,7:20:00
9899,130.25,0,2784,20250402-072001-072500.mp4,4/2/2025,7:22:20
9899,66.75,0,4492,20250402-072001-072500.mp4,4/2/2025,7:23:45
9899,26.25,0,5984,20250402-072001-072500.mp4,4/2/2025,7:25:00
9899,23.25,0,480,20250402-072500-073001.mp4,4/2/2025,7:25:23
9899,88,0,2744,20250402-072500-073001.mp4,4/2/2025,7:27:17
9899,67.75,0,4780,20250402-072500-073001.mp4,4/2/2025,7:28:58
9911,25.5,0,5872,20250402-072500-073001.mp4,4/2/2025,7:29:53
9917,39.75,0,4220,20250402-073500-074001.mp4,4/2/2025,7:38:30
9899,73.25,0,6016,20250402-073500-074001.mp4,4/2/2025,7:40:00
9899,12.25,0,308,20250402-074001-074500.mp4,4/2/2025,7:40:16
9899,6.5,0,1304,20250402-074001-074500.mp4,4/2/2025,7:41:06
9901,174.25,0,4580,20250402-074001-074500.mp4,4/2/2025,7:43:49
9899,67.75,0,5984,20250402-074001-074500.mp4,4/2/2025,7:45:00
9899,12,0,300,20250402-074500-075001.mp4,4/2/2025,7:45:14
9899,63.75,0,1960,20250402-074500-075001.mp4,4/2/2025,7:46:37
9917,190.5,0,5872,20250402-074500-075001.mp4,4/2/2025,7:49:53
9917,31.75,0,700,20250402-075001-075500.mp4,4/2/2025,7:50:35
9899,69.25,0,2168,20250402-075001-075500.mp4,4/2/2025,7:51:49
9917,68.25,0,4124,20250402-075001-075500.mp4,4/2/2025,7:53:27
9917,27,0,5612,20250402-075001-075500.mp4,4/2/2025,7:54:41
9900,143.25,0,3396,20250402-075500-080001.mp4,4/2/2025,7:57:49
9900,11.5,0,5108,20250402-075500-080001.mp4,4/2/2025,7:59:15
9913,21.75,0,596,20250402-080001-080500.mp4,4/2/2025,8:00:30
9913,68.5,0,2120,20250402-080500-081001.mp4,4/2/2025,8:06:45
9913,42.75,0,6016,20250402-080500-081001.mp4,4/2/2025,8:10:00
9913,56.25,0,1572,20250402-081001-081500.mp4,4/2/2025,8:11:19
9900,4.25,0,2048,20250402-081001-081500.mp4,4/2/2025,8:11:43
9913,62,0,3776,20250402-081001-081500.mp4,4/2/2025,8:13:09
9913,49,0,4912,20250402-081001-081500.mp4,4/2/2025,8:14:06
9900,47,0,5984,20250402-081001-081500.mp4,4/2/2025,8:15:00
9900,62.5,0,1604,20250402-081500-082001.mp4,4/2/2025,8:16:20
9913,68.5,0,3132,20250402-081500-082001.mp4,4/2/2025,8:17:36
9913,13.5,0,4492,20250402-081500-082001.mp4,4/2/2025,8:18:44
9913,20.75,0,5016,20250402-081500-082001.mp4,4/2/2025,8:19:10
9912,40,0,6016,20250402-081500-082001.mp4,4/2/2025,8:20:00
9912,10,0,236,20250402-082001-082500.mp4,4/2/2025,8:20:12
9913,38.75,0,1624,20250402-082001-082500.mp4,4/2/2025,8:21:22
9913,21.5,0,3396,20250402-082001-082500.mp4,4/2/2025,8:22:50
9913,9.25,0,5184,20250402-082001-082500.mp4,4/2/2025,8:24:20
9915,9.25,0,1532,20250402-082500-083000.mp4,4/2/2025,8:26:16
9913,21.25,0,3832,20250402-082500-083000.mp4,4/2/2025,8:28:11
9913,23.75,0,4060,20250402-083001-083500.mp4,4/2/2025,8:33:23
9913,37,0,1788,20250402-083500-084000.mp4,4/2/2025,8:36:29
9912,25.25,0,656,20250402-084000-084500.mp4,4/2/2025,8:40:32
9915,11,0,5908,20250402-084000-084500.mp4,4/2/2025,8:44:55
9912,129,0,2492,20250402-084500-085000.mp4,4/2/2025,8:47:04
9895,75.75,0,3224,20250402-085000-085459.mp4,4/2/2025,8:52:41
9901,111.75,0,5984,20250402-085000-085459.mp4,4/2/2025,8:54:59
9901,167.25,0,3016,20250402-085500-090000.mp4,4/2/2025,8:57:30
9895,8.5,0,3392,20250402-085500-090000.mp4,4/2/2025,8:57:49
9901,27,0,3964,20250402-085500-090000.mp4,4/2/2025,8:58:18
9915,67.5,0,5744,20250402-085500-090000.mp4,4/2/2025,8:59:47
9915,11,0,476,20250402-090000-090501.mp4,4/2/2025,9:00:23
9894,84.5,0,4204,20250402-090000-090501.mp4,4/2/2025,9:03:30
9894,16,0,5232,20250402-090000-090501.mp4,4/2/2025,9:04:21
9908,2.25,0,4300,20250402-090501-091000.mp4,4/2/2025,9:08:35
9915,81.5,0,5984,20250402-090501-091000.mp4,4/2/2025,9:10:00
9915,195,0,3188,20250402-091000-091501.mp4,4/2/2025,9:12:39
9906,168.25,0,6016,20250402-091000-091501.mp4,4/2/2025,9:15:00
9913,362.75,0,5984,20250402-091501-092000.mp4,4/2/2025,9:20:00
9901,33.25,0,652,20250402-092000-092501.mp4,4/2/2025,9:20:32
9911,80.75,0,2384,20250402-092000-092501.mp4,4/2/2025,9:21:59
9899,32,0,3560,20250402-092000-092501.mp4,4/2/2025,9:22:57
9911,40.25,0,4852,20250402-092000-092501.mp4,4/2/2025,9:24:02
9911,27,0,6016,20250402-092000-092501.mp4,4/2/2025,9:25:00
9911,1.5,0,544,20250402-092501-093000.mp4,4/2/2025,9:25:28
9899,1,0,1972,20250402-092501-093000.mp4,4/2/2025,9:26:39
9895,44.25,0,3360,20250402-092501-093000.mp4,4/2/2025,9:27:48
9917,15.75,0,1032,20250402-093000-093501.mp4,4/2/2025,9:30:51
9912,37.25,0,2836,20250402-093000-093501.mp4,4/2/2025,9:32:21
9895,0.5,0,4544,20250402-093000-093501.mp4,4/2/2025,9:33:47
9909,6.5,0,4792,20250402-093000-093501.mp4,4/2/2025,9:33:59
9899,138.75,0,4516,20250402-093501-094000.mp4,4/2/2025,9:38:46
9900,7.75,0,4968,20250402-093501-094000.mp4,4/2/2025,9:39:09
9906,2.75,0,1100,20250402-094501-095000.mp4,4/2/2025,9:45:55
9900,128.75,0,5984,20250402-094501-095000.mp4,4/2/2025,9:50:00
9900,132.75,0,2212,20250402-095000-095501.mp4,4/2/2025,9:51:50
9899,230,0,6016,20250402-095000-095501.mp4,4/2/2025,9:55:00
9899,85.25,0,1524,20250402-095501-100000.mp4,4/2/2025,9:56:17
9914,151.75,0,5977,20250402-095501-100000.mp4,4/2/2025,9:59:59
9914,145.25,0,2448,20250402-100000-100501.mp4,4/2/2025,10:02:02
9901,24,0,3208,20250402-100000-100501.mp4,4/2/2025,10:02:40
9914,48.25,0,5560,20250402-100000-100501.mp4,4/2/2025,10:04:37
9895,293.25,0,5984,20250402-100501-101000.mp4,4/2/2025,10:10:00
9916,60.5,0,1368,20250402-101000-101501.mp4,4/2/2025,10:11:08
9916,7,0,1676,20250402-101000-101501.mp4,4/2/2025,10:11:23
9917,201.75,0,6016,20250402-102000-102500.mp4,4/2/2025,10:25:00
9917,177.25,0,2912,20250402-102501-103000.mp4,4/2/2025,10:27:26
9912,81,0,4352,20250402-102501-103000.mp4,4/2/2025,10:28:38
9912,96,0,5984,20250402-102501-103000.mp4,4/2/2025,10:30:00
9912,190,0,3108,20250402-103000-103500.mp4,4/2/2025,10:32:35
9909,21,0,3596,20250402-103000-103500.mp4,4/2/2025,10:32:59
9909,14.75,0,3912,20250402-103000-103500.mp4,4/2/2025,10:33:15
9909,73.5,0,5188,20250402-103000-103500.mp4,4/2/2025,10:34:19
9909,3.5,0,5340,20250402-103000-103500.mp4,4/2/2025,10:34:26
9911,37.75,0,6016,20250402-103000-103500.mp4,4/2/2025,10:35:00
9911,229.75,0,3860,20250402-103500-104000.mp4,4/2/2025,10:38:12
9909,9,0,4164,20250402-103500-104000.mp4,4/2/2025,10:38:28
9909,10.75,0,4500,20250402-103500-104000.mp4,4/2/2025,10:38:44
9903,87.25,0,5984,20250402-103500-104000.mp4,4/2/2025,10:39:59
9903,218,0,3740,20250402-104000-104500.mp4,4/2/2025,10:43:06
9908,7.75,0,4144,20250402-104000-104500.mp4,4/2/2025,10:43:27
9908,92.75,0,6016,20250402-104000-104500.mp4,4/2/2025,10:45:00
9908,17,0,344,20250402-104500-104959.mp4,4/2/2025,10:45:17
9915,13.25,0,676,20250402-104500-104959.mp4,4/2/2025,10:45:33
9908,124.25,0,2888,20250402-104500-104959.mp4,4/2/2025,10:47:24
9908,28.25,0,3596,20250402-104500-104959.mp4,4/2/2025,10:47:59
9894,50.75,0,5400,20250402-104500-104959.mp4,4/2/2025,10:49:29
9894,22,0,5984,20250402-104500-104959.mp4,4/2/2025,10:49:59
9894,167.5,0,2916,20250402-105000-105500.mp4,4/2/2025,10:52:25
9912,29.25,0,5256,20250402-105000-105500.mp4,4/2/2025,10:54:22
9900,19.25,0,1156,20250402-105500-110001.mp4,4/2/2025,10:55:57
9915,32,0,3416,20250402-110001-110500.mp4,4/2/2025,11:02:51
9916,17.5,0,4284,20250402-110001-110500.mp4,4/2/2025,11:03:35
9915,59.75,0,5984,20250402-110001-110500.mp4,4/2/2025,11:05:00
9915,41.75,0,836,20250402-110500-111001.mp4,4/2/2025,11:05:41
9905,2.5,0,1344,20250402-110500-111001.mp4,4/2/2025,11:06:07
9914,8.75,0,796,20250402-111001-111500.mp4,4/2/2025,11:10:40
9908,11.5,0,2256,20250402-111001-111500.mp4,4/2/2025,11:11:53
9909,224.5,0,5984,20250402-111001-111500.mp4,4/2/2025,11:15:00
9909,70.75,0,1200,20250402-111500-112001.mp4,4/2/2025,11:15:59
9912,14.5,0,1572,20250402-111500-112001.mp4,4/2/2025,11:16:18
9915,21,0,2324,20250402-111500-112001.mp4,4/2/2025,11:16:56
9908,38.75,0,4476,20250402-111500-112001.mp4,4/2/2025,11:18:43
9908,13.25,0,4896,20250402-111500-112001.mp4,4/2/2025,11:19:04
9908,36.5,0,5696,20250402-111500-112001.mp4,4/2/2025,11:19:44
9915,9.5,0,6016,20250402-111500-112001.mp4,4/2/2025,11:20:00
9915,8,0,196,20250402-112001-112500.mp4,4/2/2025,11:20:10
9908,233.25,0,4036,20250402-112001-112500.mp4,4/2/2025,11:23:22
9915,24.75,0,4648,20250402-112001-112500.mp4,4/2/2025,11:23:53
9912,40.75,0,5568,20250402-112001-112500.mp4,4/2/2025,11:24:39
9895,3.5,0,5984,20250402-112001-112500.mp4,4/2/2025,11:25:00
9895,10,0,232,20250402-112500-113001.mp4,4/2/2025,11:25:11
9915,2.5,0,920,20250402-112500-113001.mp4,4/2/2025,11:25:45
9895,28.25,0,3344,20250402-112500-113001.mp4,4/2/2025,11:27:47
9900,22.75,0,4484,20250402-112500-113001.mp4,4/2/2025,11:28:44
9912,20.25,0,4952,20250402-112500-113001.mp4,4/2/2025,11:29:07
9906,23.75,0,664,20250402-113500-114001.mp4,4/2/2025,11:35:33
9914,8,0,1376,20250402-113500-114001.mp4,4/2/2025,11:36:08
9905,253.25,0,5768,20250402-113500-114001.mp4,4/2/2025,11:39:48
9906,6,0,6016,20250402-113500-114001.mp4,4/2/2025,11:40:00
9906,19.5,0,380,20250402-114001-114500.mp4,4/2/2025,11:40:19
9912,47.25,0,1336,20250402-114001-114500.mp4,4/2/2025,11:41:07
9916,226,0,5264,20250402-114001-114500.mp4,4/2/2025,11:44:24
9915,35.75,0,5984,20250402-114001-114500.mp4,4/2/2025,11:45:00
9894,23,0,4260,20250402-114500-115001.mp4,4/2/2025,11:48:32
9911,79.25,0,3052,20250402-115001-115500.mp4,4/2/2025,11:52:33
9913,64.5,0,4540,20250402-115001-115500.mp4,4/2/2025,11:53:47
9913,17.75,0,5984,20250402-115001-115500.mp4,4/2/2025,11:55:00
9912,27.5,0,648,20250402-115500-120001.mp4,4/2/2025,11:55:32
9913,16.25,0,1376,20250402-115500-120001.mp4,4/2/2025,11:56:08
9915,13.75,0,5464,20250402-115500-120001.mp4,4/2/2025,11:59:33
9915,6,0,6014,20250402-115500-120001.mp4,4/2/2025,12:00:00
9915,44,0,1764,20250402-120001-120500.mp4,4/2/2025,12:01:29
9909,6.75,0,4584,20250402-120001-120500.mp4,4/2/2025,12:03:50
9908,2,0,1296,20250402-122001-122500.mp4,4/2/2025,12:21:05
9900,14.75,0,1716,20250402-122001-122500.mp4,4/2/2025,12:21:26
9895,89,0,3668,20250402-122001-122500.mp4,4/2/2025,12:23:04
9908,4.5,0,3940,20250402-122001-122500.mp4,4/2/2025,12:23:17
9915,13.75,0,2504,20250402-124000-124459.mp4,4/2/2025,12:42:05
9915,3.5,0,2404,20250402-125501-130000.mp4,4/2/2025,12:57:01
9901,130,0,5384,20250402-125501-130000.mp4,4/2/2025,12:59:30
9903,5.5,0,712,20250402-131501-132000.mp4,4/2/2025,13:15:36
9895,32.5,0,1360,20250402-132501-133000.mp4,4/2/2025,13:26:08
9915,0.75,0,2684,20250402-133501-134000.mp4,4/2/2025,13:37:15
9915,111.25,0,5984,20250402-133501-134000.mp4,4/2/2025,13:40:00
9915,67,0,1352,20250402-134000-134501.mp4,4/2/2025,13:41:07
9913,44.25,0,5984,20250402-134501-135000.mp4,4/2/2025,13:50:00
9913,72.75,0,1424,20250402-135000-135501.mp4,4/2/2025,13:51:11
9913,46,0,4056,20250402-135000-135501.mp4,4/2/2025,13:53:22
9906,3,0,4256,20250402-135000-135501.mp4,4/2/2025,13:53:32
9913,26,0,5148,20250402-135000-135501.mp4,4/2/2025,13:54:17
9913,18.25,0,6016,20250402-135000-135501.mp4,4/2/2025,13:55:00
9913,38.75,0,1972,20250402-135501-140000.mp4,4/2/2025,13:56:39
9916,71.25,0,5228,20250402-135501-140000.mp4,4/2/2025,13:59:22
9917,10.75,0,1112,20250402-140000-140501.mp4,4/2/2025,14:00:55
9900,33.5,0,2616,20250402-140000-140501.mp4,4/2/2025,14:02:10
9917,2.5,0,4064,20250402-140000-140501.mp4,4/2/2025,14:03:23
9909,51.25,0,5984,20250402-140501-141000.mp4,4/2/2025,14:10:00
9909,2.25,0,112,20250402-141000-141500.mp4,4/2/2025,14:10:05
9901,210.25,0,4288,20250402-141000-141500.mp4,4/2/2025,14:13:34
9895,101.75,0,6016,20250402-141000-141500.mp4,4/2/2025,14:15:00
9895,55,0,944,20250402-141501-142000.mp4,4/2/2025,14:15:48
9912,233.25,0,4952,20250402-141501-142000.mp4,4/2/2025,14:19:08
9900,53.75,0,5984,20250402-141501-142000.mp4,4/2/2025,14:20:00
9900,166.5,0,2748,20250402-142000-142500.mp4,4/2/2025,14:22:17
9903,199.75,0,6016,20250402-142000-142500.mp4,4/2/2025,14:25:00
9903,76.25,0,1440,20250402-142500-143000.mp4,4/2/2025,14:26:11
9894,246.25,0,5508,20250402-142500-143000.mp4,4/2/2025,14:29:35
9899,6.25,0,5984,20250402-142500-143000.mp4,4/2/2025,14:29:59
9899,298.5,0,4916,20250402-143000-143500.mp4,4/2/2025,14:34:05
9914,62.25,0,6016,20250402-143000-143500.mp4,4/2/2025,14:35:00
9914,15,0,932,20250402-143500-143959.mp4,4/2/2025,14:35:46
9914,8.5,0,1220,20250402-143500-143959.mp4,4/2/2025,14:36:00
9905,18.5,0,2256,20250402-143500-143959.mp4,4/2/2025,14:36:52
9914,1,0,2876,20250402-143500-143959.mp4,4/2/2025,14:37:23
9911,26.25,0,1072,20250402-144500-145001.mp4,4/2/2025,14:45:53
9905,177.5,0,5308,20250402-144500-145001.mp4,4/2/2025,14:49:25
9899,38.75,0,6016,20250402-144500-145001.mp4,4/2/2025,14:50:00
9915,215,0,3516,20250402-145001-145500.mp4,4/2/2025,14:52:56
9913,150,0,5984,20250402-145001-145500.mp4,4/2/2025,14:55:00
9913,122.75,0,2080,20250402-145500-150001.mp4,4/2/2025,14:56:43
9905,125,0,4312,20250402-145500-150001.mp4,4/2/2025,14:58:35
9905,25.25,0,4860,20250402-145500-150001.mp4,4/2/2025,14:59:02
9905,59.25,0,6006,20250402-145500-150001.mp4,4/2/2025,15:00:00
9905,14.75,0,408,20250402-150001-150500.mp4,4/2/2025,15:00:21
9908,19,0,1312,20250402-150001-150500.mp4,4/2/2025,15:01:06
9908,116.5,0,3736,20250402-150001-150500.mp4,4/2/2025,15:03:07
9908,43.5,0,5632,20250402-150001-150500.mp4,4/2/2025,15:04:42
9916,11.75,0,5984,20250402-150001-150500.mp4,4/2/2025,15:05:00
9916,6.25,0,180,20250402-150500-151001.mp4,4/2/2025,15:05:08
9909,30.75,0,2784,20250402-150500-151001.mp4,4/2/2025,15:07:19
9909,6.5,0,3388,20250402-150500-151001.mp4,4/2/2025,15:07:49
9916,62,0,4932,20250402-150500-151001.mp4,4/2/2025,15:09:06
9906,60.25,0,6016,20250402-150500-151001.mp4,4/2/2025,15:10:00
9906,202.5,0,3352,20250402-151001-151500.mp4,4/2/2025,15:12:48
9905,30.75,0,4248,20250402-151001-151500.mp4,4/2/2025,15:13:33
9909,47.25,0,5144,20250402-151001-151500.mp4,4/2/2025,15:14:18
9909,24.5,0,480,20250402-151500-152001.mp4,4/2/2025,15:15:23
9909,57.25,0,2272,20250402-151500-152001.mp4,4/2/2025,15:16:53
9911,39.25,0,3564,20250402-152001-152500.mp4,4/2/2025,15:22:59
9905,0.5,0,1204,20250402-152500-153001.mp4,4/2/2025,15:26:00
9917,231,0,6016,20250402-152500-153001.mp4,4/2/2025,15:30:00
9917,164.5,0,2740,20250402-153001-153500.mp4,4/2/2025,15:32:17
9905,1.25,0,3936,20250402-153001-153500.mp4,4/2/2025,15:33:17
9909,50.25,0,5368,20250402-153001-153500.mp4,4/2/2025,15:34:29
9909,5.5,0,196,20250402-153500-154001.mp4,4/2/2025,15:35:09
9911,56.5,0,1428,20250402-153500-154001.mp4,4/2/2025,15:36:11
9909,8.25,0,2224,20250402-153500-154001.mp4,4/2/2025,15:36:51
9911,22.25,0,2724,20250402-153500-154001.mp4,4/2/2025,15:37:16
9909,2,0,6016,20250402-153500-154001.mp4,4/2/2025,15:40:00
9909,17.75,0,360,20250402-154001-154500.mp4,4/2/2025,15:40:18
9909,16.25,0,1168,20250402-154001-154500.mp4,4/2/2025,15:40:59
9909,37,0,3388,20250402-154001-154500.mp4,4/2/2025,15:42:50
9909,9.75,0,3816,20250402-154001-154500.mp4,4/2/2025,15:43:11
9916,45.25,0,5068,20250402-154001-154500.mp4,4/2/2025,15:44:14
9909,5,0,5372,20250402-154001-154500.mp4,4/2/2025,15:44:29
9916,9.75,0,5756,20250402-154001-154500.mp4,4/2/2025,15:44:48
9909,5.25,0,5984,20250402-154001-154500.mp4,4/2/2025,15:45:00
9909,30.75,0,580,20250402-154500-155001.mp4,4/2/2025,15:45:28
9909,8.75,0,1072,20250402-154500-155001.mp4,4/2/2025,15:45:53
9909,5.25,0,4008,20250402-154500-155001.mp4,4/2/2025,15:48:20
9909,6,0,5104,20250402-154500-155001.mp4,4/2/2025,15:49:15
9916,42,0,5984,20250402-155001-155500.mp4,4/2/2025,15:55:00
9916,29.25,0,6015,20250402-155500-160001.mp4,4/2/2025,16:00:00
9916,6.75,0,168,20250402-160001-160500.mp4,4/2/2025,16:00:09
9912,79.75,0,2664,20250402-160001-160500.mp4,4/2/2025,16:02:14
9908,128,0,2728,20250402-161001-161500.mp4,4/2/2025,16:12:17
9908,99.5,0,5984,20250402-161001-161500.mp4,4/2/2025,16:15:00
9908,285.25,0,4672,20250402-161500-162000.mp4,4/2/2025,16:18:53
9911,47,0,5536,20250402-161500-162000.mp4,4/2/2025,16:19:36
9909,341.25,0,5984,20250402-162000-162500.mp4,4/2/2025,16:24:59
9909,15.25,0,320,20250402-162500-163000.mp4,4/2/2025,16:25:15
9905,276.75,0,4860,20250402-162500-163000.mp4,4/2/2025,16:29:02
9901,62.75,0,6016,20250402-162500-163000.mp4,4/2/2025,16:30:00
9901,273,0,4568,20250402-163000-163459.mp4,4/2/2025,16:33:48
9916,77,0,5984,20250402-163000-163459.mp4,4/2/2025,16:34:59
9916,236.5,0,3856,20250402-163500-164000.mp4,4/2/2025,16:38:12
9899,0.75,0,4084,20250402-163500-164000.mp4,4/2/2025,16:38:24
9912,93.25,0,6016,20250402-163500-164000.mp4,4/2/2025,16:40:00
9912,15.75,0,432,20250402-164000-164501.mp4,4/2/2025,16:40:21
9894,8.25,0,1508,20250402-164000-164501.mp4,4/2/2025,16:41:15
9914,9.25,0,2220,20250402-164000-164501.mp4,4/2/2025,16:41:50
9911,216.25,0,6016,20250402-164000-164501.mp4,4/2/2025,16:45:00
9911,38.75,0,880,20250402-164501-165000.mp4,4/2/2025,16:45:44
9901,11.5,0,5816,20250402-164501-165000.mp4,4/2/2025,16:49:51
9914,81.25,0,5256,20250402-165000-165501.mp4,4/2/2025,16:54:22
9912,48.25,0,4104,20250402-165501-170000.mp4,4/2/2025,16:58:26
9895,158,0,3848,20250402-170000-170501.mp4,4/2/2025,17:03:12
9912,19.5,0,5180,20250402-170000-170501.mp4,4/2/2025,17:04:18
9903,27,0,5888,20250402-170000-170501.mp4,4/2/2025,17:04:54
9903,132.5,0,3736,20250402-170501-171000.mp4,4/2/2025,17:08:07
9909,3.75,0,5984,20250402-170501-171000.mp4,4/2/2025,17:10:00
9909,22.5,0,492,20250402-171000-171501.mp4,4/2/2025,17:10:24
9905,6,0,4336,20250402-171000-171501.mp4,4/2/2025,17:13:36
9895,42.5,0,1396,20250402-171501-172000.mp4,4/2/2025,17:16:10
9895,27,0,2488,20250402-171501-172000.mp4,4/2/2025,17:17:05
9901,10.75,0,5984,20250402-171501-172000.mp4,4/2/2025,17:20:00
9901,5.25,0,240,20250402-172000-172501.mp4,4/2/2025,17:20:11
9917,91,0,3712,20250402-172000-172501.mp4,4/2/2025,17:23:05
9903,77.25,0,6016,20250402-172000-172501.mp4,4/2/2025,17:25:00
9903,4,0,944,20250402-172501-173000.mp4,4/2/2025,17:25:48
9914,23.75,0,2468,20250402-172501-173000.mp4,4/2/2025,17:27:04
9903,26,0,3496,20250402-172501-173000.mp4,4/2/2025,17:27:55
9900,28.5,0,876,20250402-173000-173501.mp4,4/2/2025,17:30:43
9901,16.25,0,2816,20250402-173000-173501.mp4,4/2/2025,17:32:20
9895,32,0,4976,20250402-173000-173501.mp4,4/2/2025,17:34:08
9914,4.25,0,6016,20250402-173000-173501.mp4,4/2/2025,17:35:00
9914,6,0,176,20250402-173501-174000.mp4,4/2/2025,17:35:09
9914,14.75,0,4812,20250402-173501-174000.mp4,4/2/2025,17:39:01
9900,30,0,636,20250402-174000-174501.mp4,4/2/2025,17:40:31
9917,21.5,0,5544,20250402-174000-174501.mp4,4/2/2025,17:44:37
9908,0.75,0,6016,20250402-174000-174501.mp4,4/2/2025,17:45:00
9900,9,0,888,20250402-174501-175000.mp4,4/2/2025,17:45:45
9911,19.5,0,1496,20250402-174501-175000.mp4,4/2/2025,17:46:15
9895,36.5,0,3432,20250402-174501-175000.mp4,4/2/2025,17:47:52
9912,2.75,0,3752,20250402-174501-175000.mp4,4/2/2025,17:48:08
9911,3,0,3940,20250402-174501-175000.mp4,4/2/2025,17:48:17
9895,50.75,0,1524,20250402-175000-175501.mp4,4/2/2025,17:51:16
9901,10.75,0,2324,20250402-175000-175501.mp4,4/2/2025,17:51:56
9895,50.5,0,3168,20250402-175501-180000.mp4,4/2/2025,17:57:39
9906,22.5,0,5980,20250402-175501-180000.mp4,4/2/2025,17:59:59
9906,0.75,0,184,20250402-180000-180500.mp4,4/2/2025,18:00:09
9894,107.5,0,2312,20250402-180000-180500.mp4,4/2/2025,18:01:55
9894,14.25,0,3196,20250402-180000-180500.mp4,4/2/2025,18:02:39
9903,34.5,0,4008,20250402-180000-180500.mp4,4/2/2025,18:03:20
9895,11.25,0,5892,20250402-180000-180500.mp4,4/2/2025,18:04:54
9917,16.25,0,5160,20250402-180501-181000.mp4,4/2/2025,18:09:18
9911,22.75,0,5928,20250402-180501-181000.mp4,4/2/2025,18:09:57
9895,20,0,488,20250402-181000-181500.mp4,4/2/2025,18:10:24
9914,7,0,4564,20250402-181000-181500.mp4,4/2/2025,18:13:48
9901,10,0,5452,20250402-181000-181500.mp4,4/2/2025,18:14:32
9903,44.25,0,1452,20250402-181500-182000.mp4,4/2/2025,18:16:12
9903,76.25,0,3196,20250402-181500-182000.mp4,4/2/2025,18:17:39
9906,21.25,0,3812,20250402-181500-182000.mp4,4/2/2025,18:18:10
9911,10.75,0,4156,20250402-181500-182000.mp4,4/2/2025,18:18:27
9913,45.25,0,5300,20250402-181500-182000.mp4,4/2/2025,18:19:24
9913,33.75,0,908,20250402-182000-182500.mp4,4/2/2025,18:20:45
9900,11.75,0,2932,20250402-182000-182500.mp4,4/2/2025,18:22:26
9895,12.5,0,4148,20250402-182000-182500.mp4,4/2/2025,18:23:27
9895,74.75,0,3692,20250402-182500-182959.mp4,4/2/2025,18:28:04
9909,5.5,0,3948,20250402-182500-182959.mp4,4/2/2025,18:28:17
9903,34.5,0,5984,20250402-182500-182959.mp4,4/2/2025,18:29:59
9903,90,0,1984,20250402-183000-183500.mp4,4/2/2025,18:31:39
9913,4.25,0,2296,20250402-183000-183500.mp4,4/2/2025,18:31:54
9900,43.5,0,3552,20250402-183000-183500.mp4,4/2/2025,18:32:57
9903,54.5,0,4676,20250402-183000-183500.mp4,4/2/2025,18:33:53
9903,44,0,5764,20250402-183000-183500.mp4,4/2/2025,18:34:48
9900,7.25,0,6016,20250402-183000-183500.mp4,4/2/2025,18:35:00
9900,6.5,0,184,20250402-183500-184001.mp4,4/2/2025,18:35:09
9900,17,0,708,20250402-183500-184001.mp4,4/2/2025,18:35:35
9908,132.25,0,3484,20250402-183500-184001.mp4,4/2/2025,18:37:54
9901,145.25,0,6016,20250402-183500-184001.mp4,4/2/2025,18:40:00
9901,211,0,3824,20250402-184001-184500.mp4,4/2/2025,18:43:12
9915,50.25,0,4756,20250402-184001-184500.mp4,4/2/2025,18:43:58
9911,3,0,4956,20250402-184001-184500.mp4,4/2/2025,18:44:08
9914,10.75,0,5232,20250402-184001-184500.mp4,4/2/2025,18:44:22
9915,32.25,0,5984,20250402-184001-184500.mp4,4/2/2025,18:45:00
9915,31.5,0,560,20250402-184500-185001.mp4,4/2/2025,18:45:27
9915,12.75,0,996,20250402-184500-185001.mp4,4/2/2025,18:45:49
9913,5.5,0,1376,20250402-184500-185001.mp4,4/2/2025,18:46:08
9915,4.5,0,1636,20250402-184500-185001.mp4,4/2/2025,18:46:21
9915,7,0,1884,20250402-184500-185001.mp4,4/2/2025,18:46:34
9908,9.25,0,2280,20250402-184500-185001.mp4,4/2/2025,18:46:53
9913,5,0,2480,20250402-184500-185001.mp4,4/2/2025,18:47:03
9908,39.25,0,4076,20250402-184500-185001.mp4,4/2/2025,18:48:23
9894,7,0,6016,20250402-184500-185001.mp4,4/2/2025,18:50:00
9895,18.5,0,728,20250402-185001-185500.mp4,4/2/2025,18:50:37
9906,1.5,0,1996,20250402-185001-185500.mp4,4/2/2025,18:51:40
9914,6.5,0,4368,20250402-185001-185500.mp4,4/2/2025,18:53:39
9909,0.25,0,5300,20250402-185001-185500.mp4,4/2/2025,18:54:25
9903,86.75,0,6008,20250402-185500-190001.mp4,4/2/2025,19:00:00
9903,13.25,0,1800,20250402-190001-190500.mp4,4/2/2025,19:01:30
9901,0.5,0,2000,20250402-190001-190500.mp4,4/2/2025,19:01:40
9900,3.5,0,3948,20250402-190001-190500.mp4,4/2/2025,19:03:18
9911,7.75,0,4292,20250402-190001-190500.mp4,4/2/2025,19:03:35
9913,1.25,0,5984,20250402-190001-190500.mp4,4/2/2025,19:05:00
9913,12.75,0,428,20250402-190500-191001.mp4,4/2/2025,19:05:21
9913,0.25,0,1292,20250402-191001-191500.mp4,4/2/2025,19:11:05
9911,33.25,0,1516,20250402-192500-193001.mp4,4/2/2025,19:26:15
9895,4.75,0,1776,20250402-193001-193500.mp4,4/2/2025,19:31:29
9895,1.75,0,4932,20250402-193001-193500.mp4,4/2/2025,19:34:07
9894,1.5,0,4024,20250402-194500-195001.mp4,4/2/2025,19:48:21
9894,5,0,5452,20250402-194500-195001.mp4,4/2/2025,19:49:32
9914,16,0,5532,20250402-195500-200000.mp4,4/2/2025,19:59:36
9901,49.5,0,6016,20250402-200500-201000.mp4,4/2/2025,20:10:00
9901,96,0,3304,20250402-201000-201500.mp4,4/2/2025,20:12:45
9913,4.5,0,3532,20250402-201000-201500.mp4,4/2/2025,20:12:56
9901,24.5,0,5576,20250402-201000-201500.mp4,4/2/2025,20:14:38
9906,2,0,1068,20250402-201500-202000.mp4,4/2/2025,20:15:53
9899,2.5,0,4208,20250402-201500-202000.mp4,4/2/2025,20:18:30
9900,3.25,0,3540,20250402-202000-202459.mp4,4/2/2025,20:22:56
9911,7.5,0,1732,20250402-202500-203000.mp4,4/2/2025,20:26:26
9895,2.25,0,5824,20250402-202500-203000.mp4,4/2/2025,20:29:51
9903,2.5,0,2600,20250402-203000-203501.mp4,4/2/2025,20:32:09
9894,0.75,0,4784,20250402-203000-203501.mp4,4/2/2025,20:33:59
9903,12.5,0,5832,20250402-203000-203501.mp4,4/2/2025,20:34:51
9903,11.75,0,2808,20250402-203501-204000.mp4,4/2/2025,20:37:21
9903,82,0,5236,20250402-203501-204000.mp4,4/2/2025,20:39:22
9903,29.25,0,1560,20250402-204000-204501.mp4,4/2/2025,20:41:17
9914,0.75,0,1836,20250402-204000-204501.mp4,4/2/2025,20:41:31
9903,12.25,0,2764,20250402-204000-204501.mp4,4/2/2025,20:42:18
9903,44.75,0,4868,20250402-204000-204501.mp4,4/2/2025,20:44:03
9916,9.5,0,5424,20250402-204000-204501.mp4,4/2/2025,20:44:31
9903,3.5,0,4708,20250402-204501-205000.mp4,4/2/2025,20:48:56
9903,4,0,1804,20250402-205000-205501.mp4,4/2/2025,20:51:30
9917,10.75,0,2040,20250402-205501-210000.mp4,4/2/2025,20:56:42
9917,1,0,232,20250402-210000-210501.mp4,4/2/2025,21:00:11
9913,0.25,0,2020,20250402-212501-213000.mp4,4/2/2025,21:26:41
9913,0.5,0,3680,20250402-212501-213000.mp4,4/2/2025,21:28:04
9913,22.5,0,5660,20250402-212501-213000.mp4,4/2/2025,21:29:43
9903,12.5,0,5984,20250402-212501-213000.mp4,4/2/2025,21:30:00
9903,15.5,0,2192,20250402-213000-213501.mp4,4/2/2025,21:31:49
9909,6,0,1336,20250402-215000-215500.mp4,4/2/2025,21:51:06
9911,46.5,0,2816,20250402-215501-220000.mp4,4/2/2025,21:57:21
9901,15.5,0,6016,20250402-220000-220500.mp4,4/2/2025,22:05:00
9901,344.5,0,5584,20250402-220500-221000.mp4,4/2/2025,22:09:39
9895,14.75,0,5984,20250402-220500-221000.mp4,4/2/2025,22:09:59
9895,1.75,0,116,20250402-221000-221500.mp4,4/2/2025,22:10:05
9895,2.5,0,648,20250402-221000-221500.mp4,4/2/2025,22:10:32
9895,13.5,0,3880,20250402-221000-221500.mp4,4/2/2025,22:13:13
9895,1.75,0,5748,20250402-221000-221500.mp4,4/2/2025,22:14:47
9900,4,0,3416,20250402-221500-221959.mp4,4/2/2025,22:17:50
9900,21,0,4828,20250402-221500-221959.mp4,4/2/2025,22:19:01
9894,0.25,0,1596,20250402-222000-222500.mp4,4/2/2025,22:21:19
9900,1.75,0,4320,20250402-222000-222500.mp4,4/2/2025,22:23:35
9906,8.5,0,1620,20250402-223001-223500.mp4,4/2/2025,22:31:21
9899,18,0,4520,20250402-223500-224001.mp4,4/2/2025,22:38:45
9908,1.75,0,5792,20250402-224500-225001.mp4,4/2/2025,22:49:49
9914,25.25,0,3480,20250402-225001-225500.mp4,4/2/2025,22:52:54
9914,19.5,0,4416,20250402-225001-225500.mp4,4/2/2025,22:53:41
9917,2,0,6010,20250402-225500-230001.mp4,4/2/2025,23:00:00
9917,9.5,0,876,20250402-230001-230500.mp4,4/2/2025,23:00:44
9906,31.25,0,4116,20250402-230001-230500.mp4,4/2/2025,23:03:26
9917,4,0,404,20250402-230500-231001.mp4,4/2/2025,23:05:20
9913,26.25,0,2988,20250402-232001-232500.mp4,4/2/2025,23:22:30
9913,0.75,0,4424,20250402-232001-232500.mp4,4/2/2025,23:23:42
9913,26.75,0,5724,20250402-232001-232500.mp4,4/2/2025,23:24:47
9913,8.5,0,5984,20250402-232001-232500.mp4,4/2/2025,23:25:00
9913,200.75,0,3288,20250402-232500-233001.mp4,4/2/2025,23:27:44
9905,5,0,3740,20250402-232500-233001.mp4,4/2/2025,23:28:06
9913,135.5,0,4160,20250402-234001-234500.mp4,4/2/2025,23:43:28
9913,12.75,0,5984,20250402-234001-234500.mp4,4/2/2025,23:45:00
9913,6.25,0,164,20250402-234500-235000.mp4,4/2/2025,23:45:08
9911,49,0,3036,20250402-234500-235000.mp4,4/2/2025,23:47:31
9903,181.25,0,6016,20250402-234500-235000.mp4,4/2/2025,23:50:00
9903,167.25,0,2764,20250402-235001-235500.mp4,4/2/2025,23:52:19
9908,17,0,3656,20250402-235001-235500.mp4,4/2/2025,23:53:03
9895,3,0,3828,20250402-235001-235500.mp4,4/2/2025,23:53:12
9908,39,0,5984,20250402-235001-235500.mp4,4/2/2025,23:55:00
9908,3.75,0,372,20250402-235500-240000.mp4,4/2/2025,23:55:18
9911,9.5,0,764,20250402-235500-240000.mp4,4/2/2025,23:55:38
9911,23.5,0,1664,20250402-235500-240000.mp4,4/2/2025,23:56:23
9916,1,0,2312,20250402-235500-240000.mp4,4/2/2025,23:56:55
9911,35.75,0,5780,20250402-235500-240000.mp4,4/2/2025,23:59:48
9911,18.75,0,5812,20250403-000000-000500.mp4,,
9908,0.5,0,1380,20250403-000500-001000.mp4,,
9917,26.5,0,6016,20250403-000500-001000.mp4,,
9917,76.75,0,3192,20250403-001000-001459.mp4,,
9911,26.25,0,4036,20250403-001000-001459.mp4,,
9917,105.75,0,5984,20250403-001000-001459.mp4,,
9917,349.75,0,6016,20250403-001500-002000.mp4,,
9894,304.25,0,5516,20250403-002000-002501.mp4,,
9915,22,0,6016,20250403-002000-002501.mp4,,
9911,205.25,0,5984,20250403-002501-003000.mp4,,
9894,59,0,5984,20250403-002501-003000.mp4,,
9894,113.25,0,2248,20250403-003000-003501.mp4,,
9900,143.25,0,6016,20250403-003000-003501.mp4,,
9900,124.5,0,4408,20250403-003501-004000.mp4,,
9911,32,0,3144,20250403-004501-005000.mp4,,
9908,12.75,0,5984,20250403-004501-005000.mp4,,
9914,60.5,0,5984,20250403-004501-005000.mp4,,
9914,23.75,0,576,20250403-005000-005501.mp4,,
9908,83.25,0,2508,20250403-005000-005501.mp4,,
9899,143.25,0,5032,20250403-005000-005501.mp4,,
9908,24.75,0,6016,20250403-005000-005501.mp4,,
9908,94.75,0,1928,20250403-005501-010000.mp4,,
9899,15.25,0,2356,20250403-005501-010000.mp4,,
9899,67.5,0,4408,20250403-010000-010501.mp4,,
9908,3.25,0,5460,20250403-010000-010501.mp4,,
9895,106.75,0,3844,20250403-011000-011501.mp4,,
9906,86.25,0,6016,20250403-011000-011501.mp4,,
9895,1.25,0,1612,20250403-011501-012000.mp4,,
9908,7.5,0,5636,20250403-011501-012000.mp4,,
9895,18.25,0,3436,20250403-012000-012501.mp4,,
9906,4.5,0,4416,20250403-012000-012501.mp4,,
9916,209.25,0,4900,20250403-012501-013000.mp4,,
9906,14,0,5108,20250403-012501-013000.mp4,,
9917,27.75,0,5984,20250403-012501-013000.mp4,,
9917,166.25,0,3124,20250403-013000-013500.mp4,,
9916,41.25,0,3988,20250403-013000-013500.mp4,,
9916,109.75,0,6016,20250403-013000-013500.mp4,,
9916,73.25,0,1792,20250403-013501-014000.mp4,,
9917,33,0,3556,20250403-013501-014000.mp4,,
9916,171.5,0,6016,20250403-014000-014500.mp4,,
9916,6.75,0,504,20250403-014500-015000.mp4,,
9915,60,0,5140,20250403-015500-020000.mp4,,
9905,9,0,856,20250403-020000-020500.mp4,,
9901,64,0,5980,20250403-020000-020500.mp4,,
9912,98.75,0,6016,20250403-020000-020500.mp4,,
9911,109.75,0,5984,20250403-020500-020959.mp4,,
9911,39.75,0,5144,20250403-021000-021500.mp4,,
9917,204.25,0,6016,20250403-021000-021500.mp4,,
9917,10,0,1388,20250403-021500-022001.mp4,,
9908,114,0,3088,20250403-021500-022001.mp4,,
9911,9.75,0,5636,20250403-021500-022001.mp4,,
9908,165.5,0,6016,20250403-021500-022001.mp4,,
9908,55.25,0,1092,20250403-022001-022500.mp4,,
9911,57.25,0,2504,20250403-022001-022500.mp4,,
9899,33.25,0,3080,20250403-022001-022500.mp4,,
9899,71.25,0,4764,20250403-022001-022500.mp4,,
9911,41.25,0,5984,20250403-022001-022500.mp4,,
9911,5.5,0,528,20250403-022500-023001.mp4,,
9895,27,0,1032,20250403-022500-023001.mp4,,
9906,8.25,0,1096,20250403-022500-023001.mp4,,
9895,30,0,3216,20250403-022500-023001.mp4,,
9917,64.25,0,6016,20250403-022500-023001.mp4,,
9908,36.5,0,6016,20250403-022500-023001.mp4,,
9908,123.75,0,3628,20250403-023001-023500.mp4,,
9908,12.75,0,2176,20250403-023500-024001.mp4,,
9911,41.75,0,4652,20250403-023500-024001.mp4,,
9899,94.75,0,5328,20250403-023500-024001.mp4,,
9908,20.25,0,6016,20250403-023500-024001.mp4,,
9908,17,0,812,20250403-024001-024500.mp4,,
9916,107.75,0,2728,20250403-024001-024500.mp4,,
9906,73.25,0,5984,20250403-024001-024500.mp4,,
9916,100,0,5984,20250403-024001-024500.mp4,,
9909,9.5,0,400,20250403-024500-025001.mp4,,
9899,29.25,0,1464,20250403-024500-025001.mp4,,
9916,70.75,0,4396,20250403-024500-025001.mp4,,
9908,81,0,5808,20250403-024500-025001.mp4,,
9909,10.5,0,6016,20250403-024500-025001.mp4,,
9914,31.5,0,5264,20250403-025001-025500.mp4,,
9914,1.25,0,5984,20250403-025001-025500.mp4,,
9914,19.75,0,484,20250403-025500-030001.mp4,,
9914,24.25,0,5524,20250403-025500-030001.mp4,,
9895,204,0,5984,20250403-030001-030500.mp4,,
9894,3.75,0,5984,20250403-030001-030500.mp4,,
9915,130,0,3864,20250403-030500-031001.mp4,,
9915,38,0,5508,20250403-031001-031500.mp4,,
9901,193.25,0,5984,20250403-031001-031500.mp4,,
9899,22,0,5984,20250403-031001-031500.mp4,,
9911,29.75,0,1180,20250403-031500-032001.mp4,,
9894,8.75,0,3112,20250403-032500-033000.mp4,,
9894,0.75,0,6016,20250403-032500-033000.mp4,,
9906,14.25,0,6016,20250403-032500-033000.mp4,,
9906,112.5,0,5984,20250403-033001-033500.mp4,,
9906,156.25,0,5984,20250403-034000-034500.mp4,,
9895,25.5,0,5984,20250403-034000-034500.mp4,,
9895,170.5,0,3236,20250403-034500-035000.mp4,,
9894,1,0,5308,20250403-034500-035000.mp4,,
9895,158.5,0,5984,20250403-035000-035500.mp4,,
9915,170,0,5984,20250403-043001-043500.mp4,,
9915,316.5,0,6016,20250403-043500-044001.mp4,,
9901,46.75,0,6016,20250403-043500-044001.mp4,,
9901,231.75,0,5084,20250403-044001-044500.mp4,,
9908,279.5,0,5984,20250403-051001-051500.mp4,,
9908,343.5,0,5880,20250403-051500-052000.mp4,,
9900,19,0,6016,20250403-051500-052000.mp4,,
9900,226.25,0,4028,20250403-052001-052500.mp4,,
9917,133.75,0,5984,20250403-052001-052500.mp4,,
9917,268.25,0,6016,20250403-052500-053000.mp4,,
9911,96.25,0,6016,20250403-052500-053000.mp4,,
9911,273,0,4564,20250403-053000-053500.mp4,,
9895,84,0,5984,20250403-053000-053500.mp4,,
9895,172,0,2828,20250403-053500-054000.mp4,,
9906,195.25,0,6016,20250403-053500-054000.mp4,,
9906,73.75,0,1276,20250403-054000-054500.mp4,,
9914,178,0,4360,20250403-054000-054500.mp4,,
9913,104.75,0,5984,20250403-054000-054500.mp4,,
9913,212.75,0,3860,20250403-054500-055000.mp4,,
9912,153.25,0,6016,20250403-054500-055000.mp4,,
9912,219.75,0,4472,20250403-055000-055459.mp4,,
9905,143.75,0,5984,20250403-055000-055459.mp4,,
9905,43.25,0,804,20250403-055500-060000.mp4,,
9905,325.75,0,6001,20250403-055500-060000.mp4,,
9905,159.25,0,4724,20250403-060000-060501.mp4,,
9894,206.25,0,6016,20250403-060000-060501.mp4,,
9894,166.25,0,4304,20250403-060501-061000.mp4,,
9903,197.5,0,5984,20250403-060501-061000.mp4,,
9903,367.5,0,6016,20250403-061000-061501.mp4,,
9899,371.75,0,5984,20250403-061501-062000.mp4,,
9899,112.25,0,1888,20250403-062000-062501.mp4,,
9909,250.25,0,6016,20250403-062000-062501.mp4,,
9909,360.75,0,5984,20250403-062501-063000.mp4,,
9916,3.75,0,5984,20250403-062501-063000.mp4,,
9916,360.25,0,6016,20250403-063000-063501.mp4,,
9916,153,0,2716,20250403-063501-064000.mp4,,
9903,43.75,0,3772,20250403-063501-064000.mp4,,
9912,83.25,0,6016,20250403-064000-064501.mp4,,
9913,78.5,0,5978,20250403-065501-070000.mp4,,
9913,46.75,0,6016,20250403-070000-070501.mp4,,
9912,25.25,0,3552,20250403-070501-071000.mp4,,
9895,47.25,0,5984,20250403-071501-072000.mp4,,
9895,9.25,0,628,20250403-072000-072500.mp4,,
9911,48.25,0,5984,20250403-072500-073000.mp4,,
9900,141,0,6016,20250403-073000-073500.mp4,,
9895,12.25,0,5984,20250403-073500-074000.mp4,,
9901,15.5,0,6016,20250403-074500-075001.mp4,,
9909,94.5,0,5824,20250403-080001-080500.mp4,,
9915,8.5,0,5984,20250403-080001-080500.mp4,,
9915,49.25,0,4692,20250403-080500-081001.mp4,,
9895,128.5,0,6016,20250403-080500-081001.mp4,,
9895,23.75,0,2028,20250403-081001-081500.mp4,,
9917,28.75,0,2028,20250403-081001-081500.mp4,,
9895,35.75,0,3080,20250403-081001-081500.mp4,,
9917,31.5,0,4436,20250403-081001-081500.mp4,,
9895,69,0,5984,20250403-081001-081500.mp4,,
9895,7.25,0,1520,20250403-081500-082001.mp4,,
9913,50.75,0,3900,20250403-081500-082001.mp4,,
9894,2.5,0,3456,20250403-082001-082500.mp4,,
9909,15.5,0,5812,20250403-082001-082500.mp4,,
9901,29.75,0,5984,20250403-082001-082500.mp4,,
9894,148,0,5984,20250403-083001-083500.mp4,,
9894,36,0,1280,20250403-083500-084001.mp4,,
9912,17.5,0,2308,20250403-083500-084001.mp4,,
9913,35.25,0,4496,20250403-083500-084001.mp4,,
9914,10,0,5984,20250403-085001-085500.mp4,,
9900,80.75,0,6014,20250403-085500-090001.mp4,,
9895,67.75,0,2076,20250403-090001-090500.mp4,,
9915,33,0,4988,20250403-090001-090500.mp4,,
9901,225.75,0,3736,20250403-090500-091000.mp4,,
9915,139.75,0,6016,20250403-090500-091000.mp4,,
9895,69.25,0,3544,20250403-091001-091500.mp4,,
9915,117,0,3624,20250403-091001-091500.mp4,,
9915,71,0,5984,20250403-091001-091500.mp4,,
9895,17.5,0,5984,20250403-091001-091500.mp4,,
9895,69,0,1708,20250403-091500-092000.mp4,,
9900,254.5,0,6016,20250403-091500-092000.mp4,,
9900,74.5,0,1576,20250403-092000-092500.mp4,,
9895,75.25,0,3680,20250403-092000-092500.mp4,,
9911,188.75,0,5984,20250403-092000-092500.mp4,,
9911,88.25,0,2656,20250403-092500-093000.mp4,,
9917,89.5,0,5056,20250403-092500-093000.mp4,,
9917,104,0,4800,20250403-093000-093459.mp4,,
9916,49.25,0,5224,20250403-093000-093459.mp4,,
9916,19.5,0,5984,20250403-093000-093459.mp4,,
9901,12.25,0,4404,20250403-094000-094501.mp4,,
9912,33.75,0,6016,20250403-094000-094501.mp4,,
9912,55,0,4140,20250403-094501-095000.mp4,,
9913,41,0,5984,20250403-094501-095000.mp4,,
9906,15.75,0,5984,20250403-094501-095000.mp4,,
9913,34.75,0,4284,20250403-095000-095501.mp4,,
9895,42.5,0,3376,20250403-095501-100000.mp4,,
9916,36.25,0,5971,20250403-095501-100000.mp4,,
9908,7,0,1832,20250403-100000-100501.mp4,,
9913,41.5,0,3632,20250403-100000-100501.mp4,,
9908,2,0,6016,20250403-100000-100501.mp4,,
9917,40,0,6016,20250403-100000-100501.mp4,,
9915,18,0,4896,20250403-100501-101000.mp4,,
9916,8.75,0,5984,20250403-100501-101000.mp4,,
9895,60,0,5292,20250403-101000-101501.mp4,,
9912,29.25,0,2312,20250403-101501-102000.mp4,,
9908,24.25,0,5264,20250403-101501-102000.mp4,,
9908,29.25,0,4152,20250403-102000-102501.mp4,,
9909,47.75,0,1476,20250403-102501-103000.mp4,,
9894,244.5,0,5984,20250403-102501-103000.mp4,,
9894,155.75,0,2816,20250403-103000-103501.mp4,,
9914,197.75,0,6016,20250403-103000-103501.mp4,,
9903,152.75,0,4588,20250403-103501-104000.mp4,,
9914,106,0,5744,20250403-103501-104000.mp4,,
9903,76.5,0,5984,20250403-103501-104000.mp4,,
9906,4.25,0,2124,20250403-104000-104501.mp4,,
9901,361.25,0,6016,20250403-104000-104501.mp4,,
9901,34.75,0,796,20250403-104501-105000.mp4,,
9903,25.25,0,1508,20250403-104501-105000.mp4,,
9908,280.25,0,5984,20250403-104501-105000.mp4,,
9908,228.75,0,5908,20250403-105000-105501.mp4,,
9913,135.25,0,6016,20250403-105000-105501.mp4,,
9913,184,0,5979,20250403-105501-110000.mp4,,
9912,178.5,0,5979,20250403-105501-110000.mp4,,
9912,171.75,0,3000,20250403-110000-110500.mp4,,
9911,34,0,5964,20250403-110000-110500.mp4,,
9906,113,0,5984,20250403-110501-111000.mp4,,
9906,118.5,0,2384,20250403-111000-111500.mp4,,
9895,248,0,6016,20250403-111000-111500.mp4,,
9895,66,0,5984,20250403-111500-112000.mp4,,
9905,298.25,0,5984,20250403-111500-112000.mp4,,
9905,30,0,584,20250403-112000-112500.mp4,,
9905,19.5,0,1632,20250403-112000-112500.mp4,,
9916,1.75,0,2064,20250403-112000-112500.mp4,,
9899,80.75,0,3652,20250403-112000-112500.mp4,,
9899,135.75,0,6016,20250403-112000-112500.mp4,,
9899,10.25,0,280,20250403-112500-112959.mp4,,
9915,22.25,0,1080,20250403-112500-112959.mp4,,
9903,298,0,5984,20250403-112500-112959.mp4,,
9903,47,0,1012,20250403-113000-113500.mp4,,
9915,78.75,0,2556,20250403-113000-113500.mp4,,
9900,34.75,0,4116,20250403-113000-113500.mp4,,
9917,2.5,0,6016,20250403-113000-113500.mp4,,
9909,22,0,6016,20250403-113000-113500.mp4,,
9909,332.5,0,5780,20250403-113500-114001.mp4,,
9916,220,0,5984,20250403-114001-114500.mp4,,
9894,69.25,0,6016,20250403-114500-115001.mp4,,
9905,85.75,0,6016,20250403-114500-115001.mp4,,
9894,27.75,0,820,20250403-115001-115500.mp4,,
9905,15.25,0,3236,20250403-115001-115500.mp4,,
9911,84.5,0,5984,20250403-115001-115500.mp4,,
9911,24.75,0,2416,20250403-115500-120001.mp4,,
9917,70.75,0,6008,20250403-115500-120001.mp4,,
9917,168.25,0,3252,20250403-120001-120500.mp4,,
9915,50,0,5248,20250403-120001-120500.mp4,,
9917,71.5,0,5984,20250403-120001-120500.mp4,,
9917,56,0,1968,20250403-120500-121001.mp4,,
9917,18,0,5372,20250403-120500-121001.mp4,,
9894,22.5,0,5916,20250403-121001-121500.mp4,,
9916,0.25,0,4964,20250403-121500-122001.mp4,,
9911,38,0,6016,20250403-121500-122001.mp4,,
9911,3.5,0,640,20250403-122001-122500.mp4,,
9905,6.25,0,1440,20250403-123001-123500.mp4,,
9911,43,0,4976,20250403-123001-123500.mp4,,
9908,27.5,0,5984,20250403-123001-123500.mp4,,
9908,33.5,0,1236,20250403-123500-124001.mp4,,
9901,13.75,0,2896,20250403-123500-124001.mp4,,
9901,18.5,0,1472,20250403-124001-124500.mp4,,
9916,55.25,0,3876,20250403-124001-124500.mp4,,
9901,37,0,5128,20250403-124001-124500.mp4,,
9905,7.25,0,2056,20250403-124500-125001.mp4,,
9917,5.75,0,4668,20250403-124500-125001.mp4,,
9900,102.5,0,5528,20250403-124500-125001.mp4,,
9900,79.5,0,1596,20250403-125500-130000.mp4,,
9908,106.75,0,6016,20250403-134000-134501.mp4,,
9894,106.5,0,5984,20250403-134501-135000.mp4,,
9894,76.5,0,2936,20250403-135000-135501.mp4,,
9912,48.75,0,3424,20250403-140000-140501.mp4,,
9911,48.5,0,5984,20250403-140501-141000.mp4,,
9915,2.5,0,632,20250403-141000-141501.mp4,,
9911,13.5,0,1288,20250403-141501-142000.mp4,,
9915,7.75,0,3668,20250403-141501-142000.mp4,,
9900,1.5,0,4224,20250403-141501-142000.mp4,,
9917,5,0,5984,20250403-141501-142000.mp4,,
9911,21.25,0,5984,20250403-141501-142000.mp4,,
9911,65.5,0,6016,20250403-142000-142501.mp4,,
9901,258.5,0,6016,20250403-142000-142501.mp4,,
9911,190,0,5984,20250403-142501-143000.mp4,,
9917,167.25,0,5984,20250403-142501-143000.mp4,,
9917,288.5,0,4756,20250403-143000-143501.mp4,,
9900,78.5,0,6016,20250403-143000-143501.mp4,,
9900,353,0,5984,20250403-143501-144000.mp4,,
9916,238,0,6016,20250403-144000-144501.mp4,,
9916,32,0,5616,20250403-144501-145000.mp4,,
9905,115.25,0,6016,20250403-145000-145500.mp4,,
9905,128,0,3024,20250403-145501-150000.mp4,,
9914,277.25,0,6016,20250403-150000-150500.mp4,,
9914,23.5,0,552,20250403-150500-151000.mp4,,
9905,47.5,0,1852,20250403-150500-151000.mp4,,
9914,36.75,0,3028,20250403-150500-151000.mp4,,
9912,273.75,0,6016,20250403-151000-151500.mp4,,
9916,343.25,0,5984,20250403-151500-151959.mp4,,
9909,9.75,0,1836,20250403-152000-152500.mp4,,
9894,89.5,0,4228,20250403-152000-152500.mp4,,
9915,199.5,0,6016,20250403-152000-152500.mp4,,
9906,50.5,0,6016,20250403-152000-152500.mp4,,
9906,94.75,0,2252,20250403-152500-153001.mp4,,
9915,149.75,0,6016,20250403-152500-153001.mp4,,
9908,46.75,0,6016,20250403-152500-153001.mp4,,
9908,371.75,0,5984,20250403-153001-153500.mp4,,
9908,108,0,1820,20250403-153500-154001.mp4,,
9899,208.25,0,5956,20250403-153500-154001.mp4,,
9909,1.25,0,6016,20250403-153500-154001.mp4,,
9909,138,0,3680,20250403-154001-154500.mp4,,
9899,51,0,4760,20250403-154001-154500.mp4,,
9913,69.75,0,5984,20250403-154001-154500.mp4,,
9913,278.25,0,4832,20250403-154500-155001.mp4,,
9909,55.5,0,5664,20250403-154500-155001.mp4,,
9906,13,0,6016,20250403-154500-155001.mp4,,
9909,20.25,0,4776,20250403-155001-155500.mp4,,
9906,190.25,0,4888,20250403-155001-155500.mp4,,
9916,46.25,0,5984,20250403-155001-155500.mp4,,
9916,78.75,0,2984,20250403-155500-160001.mp4,,
9909,0.5,0,3052,20250403-155500-160001.mp4,,
9916,45.5,0,5956,20250403-155500-160001.mp4,,
9903,101.25,0,6009,20250403-155500-160001.mp4,,
9903,80.5,0,2084,20250403-160001-160500.mp4,,
9916,24,0,5984,20250403-160001-160500.mp4,,
9903,40.5,0,5984,20250403-160001-160500.mp4,,
9903,121.25,0,3412,20250403-160500-161001.mp4,,
9916,19.25,0,3752,20250403-160500-161001.mp4,,
9899,23.75,0,4652,20250403-160500-161001.mp4,,
9905,205,0,5984,20250403-161001-161500.mp4,,
9905,208.25,0,3840,20250403-161500-162001.mp4,,
9916,121.75,0,6016,20250403-161500-162001.mp4,,
9916,15,0,436,20250403-162001-162500.mp4,,
9911,204,0,5880,20250403-162001-162500.mp4,,
9915,5.75,0,2352,20250403-163001-163500.mp4,,
9916,43.75,0,4256,20250403-163001-163500.mp4,,
9911,80.25,0,5984,20250403-163001-163500.mp4,,
9894,22.25,0,2032,20250403-163500-164001.mp4,,
9895,76.75,0,5040,20250403-163500-164001.mp4,,
9916,2,0,5848,20250403-163500-164001.mp4,,
9895,59.25,0,5984,20250403-164001-164500.mp4,,
9917,4,0,2492,20250403-164500-165000.mp4,,
9914,27.75,0,2028,20250403-165001-165500.mp4,,
9895,18.5,0,5984,20250403-165001-165500.mp4,,
9909,15,0,5680,20250403-170000-170500.mp4,,
9901,83.25,0,5724,20250403-170000-170500.mp4,,
9895,18,0,5984,20250403-170000-170500.mp4,,
9895,262.25,0,4968,20250403-170500-171000.mp4,,
9903,101,0,6016,20250403-170500-171000.mp4,,
9903,283.25,0,4780,20250403-171000-171459.mp4,,
9906,76.25,0,5984,20250403-171000-171459.mp4,,
9906,167.25,0,3360,20250403-171500-172000.mp4,,
9899,199.25,0,6016,20250403-171500-172000.mp4,,
9899,331.25,0,6016,20250403-172000-172501.mp4,,
9909,28,0,6016,20250403-172000-172501.mp4,,
9909,277.5,0,4816,20250403-172501-173000.mp4,,
9905,52.75,0,6016,20250403-173000-173501.mp4,,
9911,225,0,6016,20250403-173000-173501.mp4,,
9901,81,0,4388,20250403-173501-174000.mp4,,
9911,45.5,0,4764,20250403-173501-174000.mp4,,
9905,40,0,6016,20250403-174000-174501.mp4,,
9908,12.75,0,6016,20250403-174000-174501.mp4,,
9908,62,0,2440,20250403-174501-175000.mp4,,
9916,139.5,0,5984,20250403-174501-175000.mp4,,
9916,145.75,0,2492,20250403-175000-175501.mp4,,
9911,71,0,6016,20250403-175000-175501.mp4,,
9911,3.25,0,2760,20250403-175501-180000.mp4,,
9900,27,0,3932,20250403-175501-180000.mp4,,
9908,6.75,0,4608,20250403-175501-180000.mp4,,
9894,95.25,0,6016,20250403-180000-180501.mp4,,
9911,23.75,0,4200,20250403-180501-181000.mp4,,
9914,0.5,0,5984,20250403-180501-181000.mp4,,
9905,9,0,5132,20250403-181000-181501.mp4,,
9911,95.75,0,6016,20250403-181000-181501.mp4,,
9901,240.75,0,5984,20250403-181501-182000.mp4,,
9911,4,0,3300,20250403-182000-182501.mp4,,
9912,89.75,0,3320,20250403-182000-182501.mp4,,
9913,95.25,0,5276,20250403-183000-183501.mp4,,
9905,101.75,0,4200,20250403-183501-184000.mp4,,
9912,21,0,4900,20250403-183501-184000.mp4,,
9901,14,0,1640,20250403-184000-184500.mp4,,
9905,7,0,5068,20250403-184000-184500.mp4,,
9912,35.25,0,5244,20250403-184501-185000.mp4,,
9901,35.5,0,5984,20250403-184501-185000.mp4,,
9901,64.5,0,1832,20250403-185000-185500.mp4,,
9911,27.5,0,2264,20250403-185000-185500.mp4,,
9900,2.5,0,2584,20250403-185000-185500.mp4,,
9906,1.5,0,2324,20250403-185500-190000.mp4,,
9894,1.75,0,5192,20250403-185500-190000.mp4,,
9901,27.75,0,5904,20250403-185500-190000.mp4,,
9900,55.25,0,1168,20250403-190000-190500.mp4,,
9913,44,0,5688,20250403-190000-190500.mp4,,
9900,145.25,0,6010,20250403-195500-200001.mp4,,
9900,158.75,0,4228,20250403-200001-200500.mp4,,
9901,222.75,0,5999,20250403-205500-210000.mp4,,
9901,34.75,0,1628,20250403-210000-210459.mp4,,
9903,44,0,5984,20250403-210000-210459.mp4,,
9903,176.75,0,3264,20250403-210500-211000.mp4,,
9903,7.75,0,6016,20250403-210500-211000.mp4,,
9903,19.25,0,1476,20250403-211000-211501.mp4,,
9895,9.75,0,6016,20250403-211000-211501.mp4,,
9895,221.75,0,3792,20250403-211501-212000.mp4,,
9911,352.5,0,6016,20250403-212000-212501.mp4,,
9911,85.5,0,2940,20250403-212501-213000.mp4,,
9913,75.5,0,5984,20250403-212501-213000.mp4,,
9913,202.25,0,3428,20250403-213000-213501.mp4,,
9900,140.75,0,3588,20250403-215000-215501.mp4,,
9915,315,0,5984,20250403-222501-223000.mp4,,
9915,14.5,0,6016,20250403-223000-223500.mp4,,
9914,348.25,0,6016,20250403-223000-223500.mp4,,
9914,67.75,0,1460,20250403-223501-224000.mp4,,
9903,109.5,0,5984,20250403-231001-231500.mp4,,
9903,27.25,0,1248,20250403-231500-232001.mp4,,
9917,331,0,5984,20250403-233001-233500.mp4,,
9917,93.25,0,1772,20250403-233500-234001.mp4,,
9908,272,0,6016,20250403-233500-234001.mp4,,
9908,334.5,0,5984,20250403-234001-234500.mp4,,
9916,23.75,0,5984,20250403-234001-234500.mp4,,
9916,167,0,2868,20250403-234500-235001.mp4,,
9894,27.25,0,5984,20250403-235001-235500.mp4,,
9894,340,0,5816,20250403-235500-240001.mp4,,
9899,16.25,0,6012,20250403-235500-240001.mp4,,
9899,371.75,0,5984,20250404-000001-000500.mp4,,
9899,88.75,0,2324,20250404-000500-001001.mp4,,
9903,76.25,0,5296,20250404-004000-004500.mp4,,
9900,147,0,3272,20250404-012501-013000.mp4,,
9900,57.5,0,3856,20250404-014000-014501.mp4,,
9901,51,0,1432,20250404-015501-020000.mp4,,
9901,37.75,0,3540,20250404-015501-020000.mp4,,
9903,2.25,0,5736,20250404-015501-020000.mp4,,
9895,1.25,0,2272,20250404-020501-021000.mp4,,
9916,2,0,1948,20250404-021000-021501.mp4,,
9901,2.25,0,716,20250404-022000-022500.mp4,,
9901,101.75,0,5984,20250404-022501-023000.mp4,,
9901,120.25,0,2348,20250404-023000-023500.mp4,,
9906,0.75,0,2740,20250404-023000-023500.mp4,,
9901,102.25,0,4776,20250404-023000-023500.mp4,,
9901,69,0,6016,20250404-023000-023500.mp4,,
9901,68.25,0,1548,20250404-023500-024000.mp4,,
9911,0.75,0,5592,20250404-023500-024000.mp4,,
9900,2.5,0,1388,20250404-024000-024500.mp4,,
9909,1,0,1852,20250404-024000-024500.mp4,,
9909,9.75,0,5520,20250404-031001-031500.mp4,,
9903,121.5,0,5984,20250404-032001-032500.mp4,,
9903,36.75,0,3408,20250404-032500-033001.mp4,,
9906,55.75,0,5984,20250404-051001-051500.mp4,,
9906,161.75,0,3008,20250404-051500-052001.mp4,,
9901,102.75,0,6016,20250404-051500-052001.mp4,,
9901,362.75,0,5984,20250404-052001-052500.mp4,,
9915,295.25,0,6016,20250404-052500-053001.mp4,,
9900,65.25,0,6016,20250404-052500-053001.mp4,,
9900,205.5,0,3396,20250404-053001-053500.mp4,,
9912,154.5,0,5984,20250404-053001-053500.mp4,,
9912,124.75,0,2328,20250404-053500-054001.mp4,,
9903,167.25,0,6016,20250404-053500-054001.mp4,,
9903,348.5,0,5984,20250404-054001-054500.mp4,,
9903,72,0,2420,20250404-054500-055001.mp4,,
9909,120.5,0,4676,20250404-054500-055001.mp4,,
9909,2.25,0,5088,20250404-054500-055001.mp4,,
9903,57.75,0,6016,20250404-054500-055001.mp4,,
9908,12.75,0,3396,20250404-055001-055500.mp4,,
9903,205,0,4456,20250404-055001-055500.mp4,,
9903,66.75,0,5832,20250404-055001-055500.mp4,,
9895,155.75,0,3008,20250404-055500-060001.mp4,,
9894,4.75,0,4452,20250404-055500-060001.mp4,,
9895,32,0,4504,20250404-055500-060001.mp4,,
9903,78.5,0,6015,20250404-055500-060001.mp4,,
9903,51.75,0,1008,20250404-060001-060500.mp4,,
9908,6.75,0,3152,20250404-060001-060500.mp4,,
9905,12.25,0,5984,20250404-060001-060500.mp4,,
9914,171.25,0,6016,20250404-060500-061000.mp4,,
9914,77.75,0,1340,20250404-061001-061500.mp4,,
9914,11.5,0,1596,20250404-061001-061500.mp4,,
9914,81.75,0,3328,20250404-061001-061500.mp4,,
9903,178.75,0,5984,20250404-061001-061500.mp4,,
9903,99.75,0,6016,20250404-061500-062000.mp4,,
9905,241.25,0,6016,20250404-061500-062000.mp4,,
9905,346,0,5984,20250404-062000-062500.mp4,,
9911,5.5,0,5984,20250404-062000-062500.mp4,,
9911,277,0,6016,20250404-062500-063000.mp4,,
9906,79.25,0,6016,20250404-062500-063000.mp4,,
9906,31.25,0,1032,20250404-063000-063459.mp4,,
9905,47.75,0,5032,20250404-063000-063459.mp4,,
9895,4.75,0,5984,20250404-063000-063459.mp4,,
9895,1.5,0,2424,20250404-063500-064000.mp4,,
9913,352.25,0,6016,20250404-063500-064000.mp4,,
9913,60.75,0,1404,20250404-064000-064501.mp4,,
9916,291.75,0,6016,20250404-064000-064501.mp4,,
9916,28.75,0,1268,20250404-064501-065000.mp4,,
9895,275.75,0,5520,20250404-064501-065000.mp4,,
9908,51.75,0,5984,20250404-064501-065000.mp4,,
9908,373.75,0,6016,20250404-065000-065501.mp4,,
9908,127.25,0,4040,20250404-065501-070000.mp4,,
9909,238,0,5972,20250404-065501-070000.mp4,,
9909,196.75,0,3592,20250404-070000-070501.mp4,,
9917,164.75,0,6016,20250404-070000-070501.mp4,,
9917,229,0,5984,20250404-070501-071000.mp4,,
9899,123.25,0,5984,20250404-070501-071000.mp4,,
9899,373.75,0,6016,20250404-071000-071501.mp4,,
9899,126.75,0,5600,20250404-071501-072000.mp4,,
9900,47.5,0,5984,20250404-071501-072000.mp4,,
9900,39.5,0,1460,20250404-072000-072501.mp4,,
9914,9,0,3248,20250404-072000-072501.mp4,,
9909,92,0,6016,20250404-072000-072501.mp4,,
9909,55.25,0,5984,20250404-072501-073000.mp4,,
9909,29.5,0,6016,20250404-073000-073501.mp4,,
9911,32,0,5984,20250404-073501-074000.mp4,,
9900,51.75,0,6016,20250404-074000-074501.mp4,,
9900,112.5,0,5392,20250404-074501-075000.mp4,,
9905,31.75,0,5980,20250404-075501-080000.mp4,,
9905,85,0,3592,20250404-080000-080500.mp4,,
9895,24,0,6016,20250404-080000-080500.mp4,,
9895,88.5,0,2660,20250404-080501-081000.mp4,,
9894,157.25,0,5984,20250404-080501-081000.mp4,,
9894,363,0,6016,20250404-081000-081500.mp4,,
9906,174.5,0,5984,20250404-081500-082000.mp4,,
9911,19.5,0,2452,20250404-082000-082500.mp4,,
9901,29.5,0,3036,20250404-082500-082959.mp4,,
9895,75,0,5064,20250404-083000-083500.mp4,,
9901,49.75,0,3656,20250404-083500-084001.mp4,,
9911,28,0,2508,20250404-084001-084500.mp4,,
9912,46.25,0,4556,20250404-084500-085001.mp4,,
9911,60.5,0,6016,20250404-084500-085001.mp4,,
9895,55,0,4228,20250404-085001-085500.mp4,,
9911,23.75,0,5480,20250404-085001-085500.mp4,,
9915,21,0,4096,20250404-085500-090001.mp4,,
9909,26.25,0,3416,20250404-090001-090500.mp4,,
9915,7.25,0,4216,20250404-090001-090500.mp4,,
9905,47,0,5984,20250404-090001-090500.mp4,,
9901,299.25,0,6016,20250404-090500-091001.mp4,,
9901,134.25,0,3432,20250404-091001-091500.mp4,,
9915,16.25,0,3880,20250404-091001-091500.mp4,,
9905,16.25,0,5864,20250404-091001-091500.mp4,,
9917,14,0,2368,20250404-091500-092001.mp4,,
9895,37.25,0,4456,20250404-091500-092001.mp4,,
9909,2.75,0,6016,20250404-091500-092001.mp4,,
9895,3,0,2664,20250404-092001-092500.mp4,,
9905,22,0,2696,20250404-092001-092500.mp4,,
9901,45,0,6016,20250404-092500-093001.mp4,,
9917,1.25,0,3604,20250404-093001-093500.mp4,,
9913,15.5,0,2908,20250404-094001-094500.mp4,,
9900,16.75,0,5984,20250404-094001-094500.mp4,,
9900,21.75,0,3040,20250404-094500-095000.mp4,,
9908,180,0,6016,20250404-094500-095000.mp4,,
9908,7.75,0,5228,20250404-095001-095500.mp4,,
9895,42.5,0,5997,20250404-095500-100000.mp4,,
9895,31,0,584,20250404-100000-100500.mp4,,
9901,322,0,5984,20250404-100000-100500.mp4,,
9901,168.75,0,3388,20250404-100500-101000.mp4,,
9915,165,0,5824,20250404-100500-101000.mp4,,
9915,44.75,0,1128,20250404-101000-101500.mp4,,
9915,44.75,0,2176,20250404-101000-101500.mp4,,
9914,149.25,0,5984,20250404-101000-101500.mp4,,
9914,48.75,0,1452,20250404-101500-102000.mp4,,
9906,218.75,0,6016,20250404-101500-102000.mp4,,
9912,77.25,0,6016,20250404-101500-102000.mp4,,
9912,211.5,0,3680,20250404-102000-102459.mp4,,
9909,40.75,0,5052,20250404-102000-102459.mp4,,
9905,69.5,0,5984,20250404-102000-102459.mp4,,
9905,321.5,0,6016,20250404-102500-103000.mp4,,
9895,32.25,0,6016,20250404-102500-103000.mp4,,
9901,0.25,0,6016,20250404-102500-103000.mp4,,
9901,302.75,0,5872,20250404-103000-103501.mp4,,
9911,15.25,0,6016,20250404-103000-103501.mp4,,
9911,278,0,5340,20250404-103501-104000.mp4,,
9895,68.25,0,5984,20250404-103501-104000.mp4,,
9895,27,0,3752,20250404-104000-104501.mp4,,
9900,239.5,0,5288,20250404-104000-104501.mp4,,
9895,20.25,0,5996,20250404-104000-104501.mp4,,
9916,23.75,0,6016,20250404-104000-104501.mp4,,
9908,112,0,2624,20250404-104501-105000.mp4,,
9894,138,0,5984,20250404-104501-105000.mp4,,
9894,58,0,1560,20250404-105000-105501.mp4,,
9916,124.75,0,4304,20250404-105000-105501.mp4,,
9915,6.5,0,4944,20250404-105000-105501.mp4,,
9899,52.75,0,6016,20250404-105000-105501.mp4,,
9899,26,0,1312,20250404-105501-110000.mp4,,
9916,19.75,0,3196,20250404-105501-110000.mp4,,
9909,15.5,0,1240,20250404-110000-110501.mp4,,
9900,37,0,4100,20250404-110000-110501.mp4,,
9912,5.75,0,3168,20250404-110501-111000.mp4,,
9895,16.25,0,5456,20250404-110501-111000.mp4,,
9905,1.25,0,1808,20250404-111000-111501.mp4,,
9895,9,0,3176,20250404-111000-111501.mp4,,
9912,12,0,6016,20250404-111000-111501.mp4,,
9913,52.25,0,6016,20250404-111000-111501.mp4,,
9903,47,0,3188,20250404-111501-112000.mp4,,
9895,85.75,0,5984,20250404-111501-112000.mp4,,
9906,3.5,0,3744,20250404-112000-112501.mp4,,
9914,43.75,0,6016,20250404-112000-112501.mp4,,
9916,6,0,5984,20250404-112501-113000.mp4,,
9916,2,0,3184,20250404-113000-113501.mp4,,
9916,18,0,3628,20250404-113000-113501.mp4,,
9903,104,0,4804,20250404-113000-113501.mp4,,
9913,61.25,0,6016,20250404-113000-113501.mp4,,
9903,23.5,0,6016,20250404-113000-113501.mp4,,
9913,11.25,0,468,20250404-113501-114000.mp4,,
9912,9.75,0,1064,20250404-113501-114000.mp4,,
9903,8,0,1244,20250404-113501-114000.mp4,,
9913,28.25,0,2080,20250404-113501-114000.mp4,,
9894,53.25,0,5984,20250404-113501-114000.mp4,,
9894,21.75,0,584,20250404-114000-114500.mp4,,
9913,36,0,1484,20250404-114000-114500.mp4,,
9903,14.5,0,3132,20250404-114000-114500.mp4,,
9903,16.75,0,3784,20250404-114000-114500.mp4,,
9909,10,0,5644,20250404-114000-114500.mp4,,
9903,0.75,0,5820,20250404-114000-114500.mp4,,
9917,68.25,0,3100,20250404-114501-115000.mp4,,
9909,11.25,0,5468,20250404-114501-115000.mp4,,
9909,0.25,0,2148,20250404-115000-115500.mp4,,
9901,3.25,0,4764,20250404-115000-115500.mp4,,
9895,2.25,0,4784,20250404-115000-115500.mp4,,
9916,1.5,0,6016,20250404-115000-115500.mp4,,
9908,7,0,2392,20250404-115500-120000.mp4,,
9908,1.25,0,2648,20250404-115500-120000.mp4,,
9915,0.75,0,2956,20250404-115500-120000.mp4,,
9906,2.5,0,5612,20250404-115500-120000.mp4,,
9903,4,0,5982,20250404-115500-120000.mp4,,
9894,0.5,0,1972,20250404-120000-120500.mp4,,
9917,8.25,0,6016,20250404-120000-120500.mp4,,
9895,23,0,3304,20250404-120500-121000.mp4,,
9909,10.75,0,5064,20250404-120500-121000.mp4,,
9909,0.25,0,6016,20250404-121000-121500.mp4,,
9909,44,0,3676,20250404-121500-121959.mp4,,
9914,78,0,3212,20250404-125001-125500.mp4,,
9903,62.25,0,6010,20250404-125500-130001.mp4,,
9903,213,0,3664,20250404-130001-130500.mp4,,
9894,234,0,5948,20250404-130500-131001.mp4,,
9908,171.25,0,5984,20250404-131001-131500.mp4,,
9908,272.5,0,4836,20250404-131500-132001.mp4,,
9895,66.5,0,6016,20250404-131500-132001.mp4,,
9895,27,0,992,20250404-132001-132500.mp4,,
9917,63.25,0,3004,20250404-132001-132500.mp4,,
9912,16.75,0,4368,20250404-132001-132500.mp4,,
9912,17,0,5984,20250404-132001-132500.mp4,,
9905,198.5,0,5680,20250404-132500-133001.mp4,,
9917,21.5,0,6016,20250404-132500-133001.mp4,,
9917,332.75,0,5984,20250404-133001-133500.mp4,,
9912,24.25,0,5984,20250404-133001-133500.mp4,,
9912,24,0,2728,20250404-133500-134001.mp4,,
9916,279,0,5328,20250404-133500-134001.mp4,,
9906,22.75,0,5996,20250404-133500-134001.mp4,,
9905,17.5,0,1980,20250404-134001-134500.mp4,,
9912,109.5,0,2228,20250404-134500-135000.mp4,,
9914,51,0,6016,20250404-134500-135000.mp4,,
9914,153.25,0,5784,20250404-135000-135500.mp4,,
9913,303.5,0,5998,20250404-135500-140000.mp4,,
9913,20.25,0,504,20250404-140000-140500.mp4,,
9909,333.25,0,5984,20250404-140000-140500.mp4,,
9901,210.5,0,4652,20250404-140500-141000.mp4,,
9909,28.75,0,4084,20250404-141000-141459.mp4,,
9914,64.5,0,4764,20250404-141000-141459.mp4,,
9913,11,0,5848,20250404-141500-142000.mp4,,
9914,15,0,796,20250404-142501-143000.mp4,,
9900,113.25,0,3856,20250404-143000-143501.mp4,,
9895,113.25,0,2828,20250404-144501-145000.mp4,,
9911,27,0,3148,20250404-144501-145000.mp4,,
9911,31.75,0,4036,20250404-145000-145501.mp4,,
9895,34,0,5416,20250404-145000-145501.mp4,,
9912,132,0,5974,20250404-145501-150000.mp4,,
9900,42.75,0,2096,20250404-150000-150501.mp4,,
9899,250.5,0,6016,20250404-150000-150501.mp4,,
9915,27.75,0,2848,20250404-150501-151000.mp4,,
9899,124,0,3904,20250404-150501-151000.mp4,,
9911,104,0,4904,20250404-150501-151000.mp4,,
9915,50,0,5984,20250404-150501-151000.mp4,,
9905,22.5,0,5984,20250404-150501-151000.mp4,,
9905,120.5,0,2808,20250404-151000-151501.mp4,,
9915,63.75,0,6016,20250404-151000-151501.mp4,,
9912,116.75,0,6016,20250404-151000-151501.mp4,,
9912,2,0,1768,20250404-151501-152000.mp4,,
9915,138.5,0,5984,20250404-151501-152000.mp4,,
9914,116.25,0,5984,20250404-151501-152000.mp4,,
9915,7.5,0,200,20250404-152000-152501.mp4,,
9914,92,0,2832,20250404-152000-152501.mp4,,
9895,47,0,5036,20250404-152000-152501.mp4,,
9901,20.75,0,6016,20250404-152000-152501.mp4,,
9915,58,0,3256,20250404-152501-153000.mp4,,
9915,33.5,0,4120,20250404-152501-153000.mp4,,
9901,59.5,0,5676,20250404-152501-153000.mp4,,
9912,8.25,0,5984,20250404-152501-153000.mp4,,
9912,248.5,0,5452,20250404-153000-153501.mp4,,
9895,51.5,0,6016,20250404-153000-153501.mp4,,
9895,25,0,528,20250404-153501-154000.mp4,,
9915,50.25,0,3764,20250404-153501-154000.mp4,,
9900,200.25,0,5984,20250404-153501-154000.mp4,,
9914,22,0,5984,20250404-153501-154000.mp4,,
9914,54.75,0,1360,20250404-154000-154500.mp4,,
9900,64.5,0,3020,20250404-154000-154500.mp4,,
9914,7.25,0,3160,20250404-154000-154500.mp4,,
9914,44.5,0,6016,20250404-154000-154500.mp4,,
9901,89.75,0,6016,20250404-154000-154500.mp4,,
9901,171.25,0,4744,20250404-154501-155000.mp4,,
9905,107.75,0,5984,20250404-154501-155000.mp4,,
9905,223.5,0,5400,20250404-155000-155500.mp4,,
9909,30.25,0,6016,20250404-155000-155500.mp4,,
9909,87,0,3580,20250404-155500-160000.mp4,,
9900,50.75,0,5268,20250404-155500-160000.mp4,,
9894,31.5,0,5820,20250404-160000-160500.mp4,,
9911,12.25,0,6016,20250404-160000-160500.mp4,,
9911,1.5,0,2180,20250404-160500-160959.mp4,,
9913,26.75,0,4508,20250404-160500-160959.mp4,,
9912,47,0,5984,20250404-160500-160959.mp4,,
9912,34.25,0,1012,20250404-161000-161500.mp4,,
9911,36.25,0,3016,20250404-161000-161500.mp4,,
9911,29.75,0,6016,20250404-161000-161500.mp4,,
9911,288.5,0,6016,20250404-161500-162001.mp4,,
9915,77.25,0,6016,20250404-161500-162001.mp4,,
9915,92,0,3892,20250404-162001-162500.mp4,,
9912,240,0,5612,20250404-162001-162500.mp4,,
9895,239.5,0,6016,20250404-162500-163001.mp4,,
9901,98.5,0,6016,20250404-162500-163001.mp4,,
9901,166.5,0,3284,20250404-163001-163500.mp4,,
9914,174.25,0,5984,20250404-163001-163500.mp4,,
9914,61.75,0,1188,20250404-163500-164001.mp4,,
9895,23.75,0,3680,20250404-163500-164001.mp4,,
9900,66.75,0,6016,20250404-163500-164001.mp4,,
9900,151.25,0,5984,20250404-164001-164500.mp4,,
9905,208.5,0,5984,20250404-164001-164500.mp4,,
9905,144,0,4256,20250404-164500-165001.mp4,,
9903,217,0,6016,20250404-164500-165001.mp4,,
9903,59.75,0,1384,20250404-165001-165500.mp4,,
9895,30,0,3492,20250404-165001-165500.mp4,,
9909,15.75,0,5264,20250404-165001-165500.mp4,,
9895,5,0,5984,20250404-165001-165500.mp4,,
9895,4.75,0,284,20250404-165500-170001.mp4,,
9895,42.25,0,4808,20250404-165500-170001.mp4,,
9903,21.5,0,6011,20250404-165500-170001.mp4,,
9903,30.75,0,1116,20250404-170001-170500.mp4,,
9895,98.75,0,5984,20250404-170001-170500.mp4,,
9913,55.5,0,4344,20250404-170500-171001.mp4,,
9895,24.25,0,4344,20250404-170500-171001.mp4,,
9903,49.5,0,6016,20250404-170500-171001.mp4,,
9903,34.25,0,4892,20250404-171001-171500.mp4,,
9909,17.75,0,5408,20250404-171001-171500.mp4,,
9895,25.75,0,3104,20250404-171500-172001.mp4,,
9913,63.75,0,4700,20250404-172001-172500.mp4,,
9903,35.25,0,5240,20250404-172001-172500.mp4,,
9916,1.5,0,5308,20250404-172001-172500.mp4,,
9903,17.75,0,5984,20250404-172001-172500.mp4,,
9895,64.75,0,6016,20250404-172500-173001.mp4,,
9895,46,0,3560,20250404-173001-173500.mp4,,
9894,104,0,5984,20250404-173001-173500.mp4,,
9894,8.5,0,1708,20250404-173500-174000.mp4,,
9908,106.75,0,2616,20250404-173500-174000.mp4,,
9916,34,0,3948,20250404-173500-174000.mp4,,
9894,37.5,0,1404,20250404-174001-174500.mp4,,
9903,22,0,2200,20250404-174001-174500.mp4,,
9903,16.5,0,5984,20250404-174001-174500.mp4,,
9903,16.75,0,2064,20250404-174500-175000.mp4,,
9908,24.5,0,5468,20250404-174500-175000.mp4,,
9895,22.75,0,5796,20250404-174500-175000.mp4,,
9916,6.5,0,6016,20250404-174500-175000.mp4,,
9916,83,0,1500,20250404-175000-175500.mp4,,
9895,3,0,2044,20250404-175000-175500.mp4,,
9909,14,0,5216,20250404-175500-180000.mp4,,
9894,40.25,0,6000,20250404-175500-180000.mp4,,
9908,6.75,0,6000,20250404-175500-180000.mp4,,
9909,16,0,2300,20250404-180000-180459.mp4,,
9916,54.25,0,5736,20250404-180000-180459.mp4,,
9900,25.75,0,2916,20250404-180500-181000.mp4,,
9917,47.75,0,5992,20250404-180500-181000.mp4,,
9913,89.25,0,6016,20250404-180500-181000.mp4,,
9913,52.75,0,1692,20250404-181000-181501.mp4,,
9909,16,0,1828,20250404-181000-181501.mp4,,
9913,35.25,0,3776,20250404-181000-181501.mp4,,
9913,18.5,0,1548,20250404-181501-182000.mp4,,
9908,10,0,3300,20250404-181501-182000.mp4,,
9909,42.25,0,5984,20250404-181501-182000.mp4,,
9909,7.25,0,424,20250404-182000-182501.mp4,,
9909,18.75,0,2576,20250404-182000-182501.mp4,,
9908,7.75,0,4152,20250404-182000-182501.mp4,,
9909,57.5,0,4508,20250404-182000-182501.mp4,,
9913,11.75,0,2232,20250404-182501-183000.mp4,,
9913,14.25,0,5984,20250404-182501-183000.mp4,,
9895,271,0,5704,20250404-183000-183501.mp4,,
9903,42.5,0,6016,20250404-183000-183501.mp4,,
9903,260.25,0,4252,20250404-183501-184000.mp4,,
9913,15,0,320,20250404-184000-184501.mp4,,
9913,12.25,0,648,20250404-184000-184501.mp4,,
9913,47,0,1552,20250404-184000-184501.mp4,,
9909,21.75,0,2024,20250404-184000-184501.mp4,,
9909,91.25,0,4060,20250404-184000-184501.mp4,,
9909,39,0,4520,20250404-184000-184501.mp4,,
9909,55,0,5508,20250404-184000-184501.mp4,,
9909,12,0,5864,20250404-184000-184501.mp4,,
9906,6,0,168,20250404-184501-185000.mp4,,
9909,22,0,716,20250404-184501-185000.mp4,,
9909,15,0,1164,20250404-184501-185000.mp4,,
9909,20.25,0,1676,20250404-184501-185000.mp4,,
9909,8.75,0,1920,20250404-184501-185000.mp4,,
9909,2.75,0,2400,20250404-184501-185000.mp4,,
9909,13.25,0,2680,20250404-184501-185000.mp4,,
9917,169.5,0,5984,20250404-184501-185000.mp4,,
9913,5.5,0,836,20250404-185000-185501.mp4,,
9917,41.25,0,2800,20250404-185000-185501.mp4,,
9894,165,0,6016,20250404-185000-185501.mp4,,
9894,141,0,2576,20250404-185501-190000.mp4,,
9909,29.25,0,3328,20250404-185501-190000.mp4,,
9916,59.25,0,4492,20250404-185501-190000.mp4,,
9909,43.75,0,5976,20250404-185501-190000.mp4,,
9917,13,0,5976,20250404-185501-190000.mp4,,
9917,5.75,0,536,20250404-190000-190501.mp4,,
9908,0.5,0,700,20250404-190000-190501.mp4,,
9913,5.75,0,1160,20250404-190000-190501.mp4,,
9894,3,0,4660,20250404-190501-191000.mp4,,
9917,16.5,0,5984,20250404-190501-191000.mp4,,
9917,339.5,0,6016,20250404-191000-191501.mp4,,
9900,79.5,0,3564,20250404-191501-192000.mp4,,
9900,23.75,0,1428,20250404-192000-192501.mp4,,
9909,317.75,0,5984,20250404-193501-194000.mp4,,
9909,35.75,0,840,20250404-194000-194500.mp4,,
9916,221.25,0,5760,20250404-194000-194500.mp4,,
9913,18,0,6016,20250404-194000-194500.mp4,,
9913,235,0,3940,20250404-194500-195000.mp4,,
9912,33,0,4660,20250404-194500-195000.mp4,,
9900,10.5,0,4820,20250404-201500-202001.mp4,,
9909,47.25,0,4792,20250404-210500-211001.mp4,,
9911,64.25,0,6016,20250404-210500-211001.mp4,,
9911,173,0,3144,20250404-211001-211500.mp4,,
9911,63.75,0,5268,20250404-213500-214000.mp4,,
9915,191.25,0,5984,20250404-221501-222000.mp4,,
9915,342.75,0,6016,20250404-222000-222501.mp4,,
9914,41,0,6016,20250404-223000-223501.mp4,,
9914,209.75,0,3660,20250404-223501-224000.mp4,,
9894,218.5,0,5112,20250404-225000-225501.mp4,,
9903,165.5,0,3140,20250404-230000-230501.mp4,,
9903,14,0,3688,20250404-230000-230501.mp4,,
9901,196.75,0,5984,20250404-231501-232000.mp4,,
9901,9.75,0,1064,20250404-232000-232500.mp4,,
9908,15,0,4036,20250404-232500-233000.mp4,,
9899,20.25,0,5984,20250404-232500-233000.mp4,,
9908,302.75,0,6016,20250404-235000-235500.mp4,,
9908,349.5,0,5736,20250404-235500-240001.mp4,,
9908,20.5,0,584,20250405-000001-000500.mp4,,
9913,17.25,0,5984,20250405-002001-002500.mp4,,
9914,14.5,0,5984,20250405-005001-005500.mp4,,
9900,171.5,0,3392,20250405-010001-010500.mp4,,
9900,39,0,2564,20250405-011001-011500.mp4,,
9903,23.75,0,5684,20250405-011001-011500.mp4,,
9909,22.75,0,3576,20250405-014000-014459.mp4,,
9911,28.5,0,6016,20250405-014500-015000.mp4,,
9909,2.5,0,6016,20250405-015000-015501.mp4,,
9901,49.75,0,2360,20250405-015501-020000.mp4,,
9899,0.25,0,2932,20250405-015501-020000.mp4,,
9899,36.25,0,3740,20250405-015501-020000.mp4,,
9916,1,0,4196,20250405-015501-020000.mp4,,
9911,58.5,0,4072,20250405-020000-020501.mp4,,
9909,7.5,0,5188,20250405-020000-020501.mp4,,
9903,13,0,5076,20250405-020501-021000.mp4,,
9917,11.5,0,4356,20250405-021000-021501.mp4,,
9917,35.75,0,5240,20250405-021501-022000.mp4,,
9899,30.75,0,5984,20250405-021501-022000.mp4,,
9899,2.25,0,132,20250405-022000-022501.mp4,,
9906,38,0,4740,20250405-022000-022501.mp4,,
9894,1,0,1712,20250405-022501-023000.mp4,,
9900,199.5,0,5308,20250405-022501-023000.mp4,,
9900,35.75,0,5984,20250405-022501-023000.mp4,,
9900,46,0,796,20250405-023000-023501.mp4,,
9901,14,0,1212,20250405-023000-023501.mp4,,
9901,9.25,0,1500,20250405-023000-023501.mp4,,
9901,33.25,0,4588,20250405-023000-023501.mp4,,
9906,110.25,0,5832,20250405-023000-023501.mp4,,
9901,42.75,0,1368,20250405-023501-024000.mp4,,
9899,7.25,0,2696,20250405-023501-024000.mp4,,
9899,44,0,4188,20250405-023501-024000.mp4,,
9899,41.75,0,940,20250405-024000-024501.mp4,,
9899,148.5,0,3736,20250405-024000-024501.mp4,,
9899,11.25,0,4080,20250405-024000-024501.mp4,,
9899,21.75,0,4708,20250405-024000-024501.mp4,,
9899,25,0,5508,20250405-024000-024501.mp4,,
9900,50,0,1332,20250405-024501-025000.mp4,,
9903,2.5,0,5120,20250405-024501-025000.mp4,,
9911,46.5,0,5979,20250405-025501-030000.mp4,,
9911,66.5,0,2360,20250405-030000-030500.mp4,,
9906,82.25,0,4944,20250405-030000-030500.mp4,,
9894,100.75,0,3784,20250405-031000-031500.mp4,,
9914,41.25,0,5008,20250405-031000-031500.mp4,,
9895,51.25,0,6016,20250405-042000-042501.mp4,,
9895,102.5,0,3296,20250405-042501-043000.mp4,,
9901,7.25,0,5984,20250405-042501-043000.mp4,,
9901,74.25,0,1436,20250405-043000-043501.mp4,,
9901,149.5,0,5504,20250405-043000-043501.mp4,,
9915,130.75,0,5984,20250405-050500-051000.mp4,,
9915,346.25,0,5780,20250405-051000-051500.mp4,,
9916,9.25,0,6016,20250405-051000-051500.mp4,,
9916,4.5,0,424,20250405-051500-052000.mp4,,
9915,48.75,0,1684,20250405-051500-052000.mp4,,
9916,88.5,0,4420,20250405-051500-052000.mp4,,
9901,156.25,0,5984,20250405-051500-052000.mp4,,
9901,97.5,0,1804,20250405-052000-052500.mp4,,
9909,66.75,0,6016,20250405-052000-052500.mp4,,
9900,214,0,5984,20250405-052500-052959.mp4,,
9900,218.5,0,6016,20250405-053000-053500.mp4,,
9894,34.5,0,6016,20250405-053000-053500.mp4,,
9894,297.25,0,5700,20250405-053500-054001.mp4,,
9914,67.75,0,6016,20250405-053500-054001.mp4,,
9914,173,0,3432,20250405-054001-054500.mp4,,
9903,186.5,0,5984,20250405-054001-054500.mp4,,
9903,90.25,0,1716,20250405-054500-055001.mp4,,
9899,267.5,0,6016,20250405-054500-055001.mp4,,
9899,143.25,0,2460,20250405-055001-055500.mp4,,
9895,57.75,0,3636,20250405-055001-055500.mp4,,
9912,143.75,0,5984,20250405-055001-055500.mp4,,
9912,207,0,3760,20250405-055500-060001.mp4,,
9913,101.75,0,5560,20250405-055500-060001.mp4,,
9903,20.5,0,6004,20250405-055500-060001.mp4,,
9913,8.25,0,6008,20250405-055500-060001.mp4,,
9913,5.5,0,260,20250405-060001-060500.mp4,,
9903,32,0,956,20250405-060001-060500.mp4,,
9903,42,0,1952,20250405-060001-060500.mp4,,
9913,23,0,3040,20250405-060001-060500.mp4,,
9903,56,0,3324,20250405-060001-060500.mp4,,
9903,6.5,0,3560,20250405-060001-060500.mp4,,
9903,26,0,4536,20250405-060001-060500.mp4,,
9903,82,0,5984,20250405-060001-060500.mp4,,
9903,108.25,0,1804,20250405-060500-061001.mp4,,
9913,248,0,6016,20250405-060500-061001.mp4,,
9913,32.25,0,588,20250405-061001-061500.mp4,,
9903,294,0,5388,20250405-061001-061500.mp4,,
9903,30.5,0,5984,20250405-061001-061500.mp4,,
9903,202,0,3484,20250405-061500-062001.mp4,,
9905,163,0,6016,20250405-061500-062001.mp4,,
9905,259.75,0,4372,20250405-062001-062500.mp4,,
9911,96.5,0,5984,20250405-062001-062500.mp4,,
9909,164.25,0,6016,20250405-062500-063001.mp4,,
9909,235.5,0,4064,20250405-063001-063500.mp4,,
9908,129.25,0,5984,20250405-063001-063500.mp4,,
9908,373.75,0,6016,20250405-063500-064001.mp4,,
9908,104.25,0,2276,20250405-064001-064500.mp4,,
9916,260,0,5984,20250405-064001-064500.mp4,,
9916,117.75,0,2116,20250405-064500-065000.mp4,,
9917,244,0,6016,20250405-064500-065000.mp4,,
9917,326,0,5984,20250405-065001-065500.mp4,,
9917,18.75,0,608,20250405-065500-070000.mp4,,
9895,38.25,0,5997,20250405-065500-070000.mp4,,
9895,371.5,0,5984,20250405-070000-070500.mp4,,
9895,17,0,712,20250405-070500-071000.mp4,,
9912,109,0,2708,20250405-070500-071000.mp4,,
9895,74.25,0,4992,20250405-071000-071500.mp4,,
9909,29.5,0,6016,20250405-072500-073000.mp4,,
9909,7,0,3680,20250405-073000-073501.mp4,,
9903,18,0,4340,20250405-073501-074000.mp4,,
9900,110,0,5564,20250405-074000-074501.mp4,,
9915,22.25,0,6016,20250405-074000-074501.mp4,,
9895,69.75,0,1860,20250405-074501-075000.mp4,,
9905,5.75,0,4476,20250405-075501-080000.mp4,,
9908,7,0,3932,20250405-080000-080501.mp4,,
9913,37.25,0,4760,20250405-080000-080501.mp4,,
9895,46.5,0,972,20250405-080501-081000.mp4,,
9915,98,0,5840,20250405-080501-081000.mp4,,
9913,20.25,0,3904,20250405-081000-081501.mp4,,
9901,57.5,0,6016,20250405-081000-081501.mp4,,
9901,146.25,0,5136,20250405-081501-082000.mp4,,
9911,138,0,6016,20250405-082000-082501.mp4,,
9901,11.25,0,6016,20250405-082000-082501.mp4,,
9912,23.75,0,5984,20250405-082501-083000.mp4,,
9909,22.5,0,3180,20250405-083000-083501.mp4,,
9911,16.75,0,3736,20250405-083000-083501.mp4,,
9903,36.5,0,5984,20250405-083501-084000.mp4,,
9901,70.75,0,5440,20250405-084000-084500.mp4,,
9911,14.25,0,4688,20250405-084501-085000.mp4,,
9900,83.5,0,2760,20250405-085000-085500.mp4,,
9914,15.75,0,2860,20250405-085000-085500.mp4,,
9911,35.75,0,6016,20250405-085000-085500.mp4,,
9909,5.75,0,4544,20250405-085500-090000.mp4,,
9915,20.25,0,4996,20250405-085500-090000.mp4,,
9913,1.25,0,5860,20250405-085500-090000.mp4,,
9913,16.75,0,1120,20250405-090000-090500.mp4,,
9900,66.75,0,3228,20250405-090000-090500.mp4,,
9915,29,0,4176,20250405-090000-090500.mp4,,
9912,24.5,0,6016,20250405-090000-090500.mp4,,
9911,51,0,2144,20250405-090500-091000.mp4,,
9911,15,0,3660,20250405-090500-091000.mp4,,
9899,19.25,0,3780,20250405-090500-091000.mp4,,
9906,1.5,0,5512,20250405-090500-091000.mp4,,
9895,37,0,5892,20250405-090500-091000.mp4,,
9915,21.75,0,1436,20250405-091000-091500.mp4,,
9895,22,0,5748,20250405-091000-091500.mp4,,
9909,7.75,0,1232,20250405-091500-091959.mp4,,
9900,169.25,0,5984,20250405-091500-091959.mp4,,
9901,361.5,0,6016,20250405-092000-092500.mp4,,
9915,23.75,0,5968,20250405-092500-093001.mp4,,
9901,287,0,6016,20250405-092500-093001.mp4,,
9901,11.25,0,2368,20250405-093001-093500.mp4,,
9900,93.5,0,3792,20250405-093001-093500.mp4,,
9906,5,0,5984,20250405-093001-093500.mp4,,
9906,67.75,0,3024,20250405-093500-094001.mp4,,
9914,35.5,0,5984,20250405-094001-094500.mp4,,
9914,6.75,0,356,20250405-094500-095001.mp4,,
9913,13,0,3100,20250405-094500-095001.mp4,,
9912,2.5,0,3220,20250405-094500-095001.mp4,,
9894,24.75,0,3564,20250405-094500-095001.mp4,,
9905,8.5,0,5332,20250405-094500-095001.mp4,,
9906,9.75,0,920,20250405-095001-095500.mp4,,
9915,68,0,3924,20250405-095001-095500.mp4,,
9914,25,0,5760,20250405-095001-095500.mp4,,
9913,38.75,0,5984,20250405-095001-095500.mp4,,
9912,29.5,0,1276,20250405-095500-100001.mp4,,
9913,11.5,0,2560,20250405-095500-100001.mp4,,
9914,74.25,0,5200,20250405-095500-100001.mp4,,
9915,55.5,0,6010,20250405-095500-100001.mp4,,
9915,83.25,0,1616,20250405-100001-100500.mp4,,
9899,36,0,2316,20250405-100001-100500.mp4,,
9914,29.25,0,2992,20250405-100001-100500.mp4,,
9894,106,0,4976,20250405-100001-100500.mp4,,
9911,67.5,0,5984,20250405-100001-100500.mp4,,
9911,19.25,0,532,20250405-100500-101001.mp4,,
9913,68.25,0,2000,20250405-100500-101001.mp4,,
9899,243.5,0,5900,20250405-100500-101001.mp4,,
9901,17.75,0,6016,20250405-100500-101001.mp4,,
9901,289.75,0,4920,20250405-101001-101500.mp4,,
9915,70.25,0,5984,20250405-101001-101500.mp4,,
9913,13,0,2164,20250405-101500-102001.mp4,,
9915,101,0,2232,20250405-101500-102001.mp4,,
9912,242.75,0,6016,20250405-101500-102001.mp4,,
9912,57.75,0,3348,20250405-102001-102500.mp4,,
9905,302.5,0,5984,20250405-102001-102500.mp4,,
9905,143.75,0,3116,20250405-102500-103001.mp4,,
9894,220.25,0,6016,20250405-102500-103001.mp4,,
9894,46,0,1044,20250405-103001-103500.mp4,,
9913,142.5,0,3888,20250405-103001-103500.mp4,,
9914,73.5,0,5984,20250405-103001-103500.mp4,,
9914,161.5,0,2928,20250405-103500-104000.mp4,,
9906,203.5,0,6016,20250405-103500-104000.mp4,,
9906,16,0,1176,20250405-104001-104500.mp4,,
9912,10.25,0,3636,20250405-104001-104500.mp4,,
9917,149.75,0,4628,20250405-104001-104500.mp4,,
9900,139.25,0,5984,20250405-104001-104500.mp4,,
9900,98,0,2028,20250405-104500-105000.mp4,,
9917,107,0,5984,20250405-110000-110500.mp4,,
9908,13.75,0,5984,20250405-110000-110500.mp4,,
9908,27.5,0,1340,20250405-110500-111000.mp4,,
9916,88.75,0,3960,20250405-110500-111000.mp4,,
9894,3.75,0,2532,20250405-111500-112000.mp4,,
9895,98.25,0,6016,20250405-112000-112501.mp4,,
9895,40.75,0,5984,20250405-112501-113000.mp4,,
9911,15,0,5984,20250405-112501-113000.mp4,,
9911,316.5,0,5256,20250405-113000-113501.mp4,,
9895,6.75,0,6016,20250405-113000-113501.mp4,,
9895,6.25,0,2424,20250405-113501-114000.mp4,,
9913,45.5,0,5984,20250405-113501-114000.mp4,,
9913,106.5,0,4408,20250405-114000-114501.mp4,,
9903,64.75,0,6016,20250405-114000-114501.mp4,,
9903,20.25,0,2424,20250405-114501-115000.mp4,,
9913,54,0,4836,20250405-114501-115000.mp4,,
9903,10,0,5848,20250405-114501-115000.mp4,,
9913,18.75,0,4852,20250405-115000-115501.mp4,,
9895,64.75,0,5975,20250405-115501-120000.mp4,,
9895,32,0,2588,20250405-120000-120501.mp4,,
9903,11,0,3280,20250405-120000-120501.mp4,,
9895,45.25,0,4252,20250405-120501-121000.mp4,,
9909,18,0,5984,20250405-121501-122000.mp4,,
9909,10.75,0,1204,20250405-122000-122501.mp4,,
9909,6.5,0,3424,20250405-122000-122501.mp4,,
9909,29.25,0,5276,20250405-122501-123000.mp4,,
9909,55.25,0,2916,20250405-123000-123500.mp4,,
9916,28.25,0,6016,20250405-123000-123500.mp4,,
9894,14,0,2156,20250405-124000-124500.mp4,,
9903,10,0,2548,20250405-124000-124500.mp4,,
9894,58.25,0,1280,20250405-124500-125000.mp4,,
9914,11,0,6016,20250405-125000-125500.mp4,,
9914,43.25,0,2712,20250405-125500-130000.mp4,,
9912,106.5,0,3744,20250405-125500-130000.mp4,,
9895,44.75,0,5983,20250405-125500-130000.mp4,,
9903,1.25,0,3220,20250405-130000-130500.mp4,,
9917,76.25,0,4088,20250405-130000-130500.mp4,,
9903,24.5,0,6016,20250405-130000-130500.mp4,,
9913,282,0,5328,20250405-130500-130959.mp4,,
9895,39.25,0,5984,20250405-130500-130959.mp4,,
9895,228.25,0,5400,20250405-131000-131500.mp4,,
9908,133.75,0,6016,20250405-131000-131500.mp4,,
9908,329.5,0,5768,20250405-131500-132001.mp4,,
9916,25,0,6016,20250405-131500-132001.mp4,,
9916,238.5,0,3912,20250405-132001-132500.mp4,,
9901,48,0,5984,20250405-132001-132500.mp4,,
9901,7.25,0,588,20250405-132500-133001.mp4,,
9917,311,0,6016,20250405-132500-133001.mp4,,
9915,15,0,2328,20250405-133001-133500.mp4,,
9917,98,0,2396,20250405-133001-133500.mp4,,
9913,83,0,5984,20250405-133001-133500.mp4,,
9909,91.25,0,5984,20250405-133001-133500.mp4,,
9909,194,0,3168,20250405-133500-134001.mp4,,
9909,14,0,3544,20250405-133500-134001.mp4,,
9909,25.75,0,6016,20250405-133500-134001.mp4,,
9905,90,0,6016,20250405-133500-134001.mp4,,
9906,152.5,0,4384,20250405-134001-134500.mp4,,
9909,6.5,0,5728,20250405-134001-134500.mp4,,
9915,32,0,6016,20250405-134500-135001.mp4,,
9915,35.5,0,1740,20250405-135001-135500.mp4,,
9895,42.25,0,3500,20250405-135001-135500.mp4,,
9913,2,0,5588,20250405-135001-135500.mp4,,
9903,11.25,0,4872,20250405-135500-140001.mp4,,
9903,60.25,0,6012,20250405-135500-140001.mp4,,
9903,319.75,0,5972,20250405-140001-140500.mp4,,
9912,1.75,0,5984,20250405-140001-140500.mp4,,
9912,187.5,0,3460,20250405-140500-141001.mp4,,
9901,23.5,0,5348,20250405-140500-141001.mp4,,
9899,44,0,5796,20250405-140500-141001.mp4,,
9900,26,0,6016,20250405-140500-141001.mp4,,
9900,69.25,0,2040,20250405-141001-141500.mp4,,
9905,13.5,0,4568,20250405-141001-141500.mp4,,
9912,172.5,0,3976,20250405-141500-142001.mp4,,
9900,24.75,0,6016,20250405-141500-142001.mp4,,
9911,75.5,0,6016,20250405-141500-142001.mp4,,
9911,24,0,1516,20250405-142001-142500.mp4,,
9900,20.75,0,2428,20250405-142001-142500.mp4,,
9905,76.5,0,4712,20250405-142001-142500.mp4,,
9909,6.25,0,5164,20250405-142001-142500.mp4,,
9899,6.5,0,3540,20250405-142500-143000.mp4,,
9915,8.5,0,1800,20250405-143500-144000.mp4,,
9915,12,0,5716,20250405-143500-144000.mp4,,
9911,12.75,0,4976,20250405-144000-144500.mp4,,
9901,16.75,0,5984,20250405-144000-144500.mp4,,
9905,138.25,0,5316,20250405-144500-145000.mp4,,
9915,13,0,5584,20250405-144500-145000.mp4,,
9911,53.25,0,4168,20250405-145000-145500.mp4,,
9901,61.75,0,4732,20250405-145000-145500.mp4,,
9915,86.75,0,5984,20250405-145000-145500.mp4,,
9914,28.5,0,4492,20250405-145500-150000.mp4,,
9894,151,0,5124,20250405-145500-150000.mp4,,
9899,66.75,0,6000,20250405-145500-150000.mp4,,
9899,83.25,0,1772,20250405-150000-150459.mp4,,
9912,2.5,0,2040,20250405-150000-150459.mp4,,
9906,33.5,0,3700,20250405-150000-150459.mp4,,
9915,279.25,0,6016,20250405-150500-151000.mp4,,
9915,44.25,0,2884,20250405-151000-151501.mp4,,
9899,64.25,0,4032,20250405-151000-151501.mp4,,
9915,0.75,0,1680,20250405-152000-152501.mp4,,
9901,69.25,0,3024,20250405-152000-152501.mp4,,
9905,10.75,0,2548,20250405-152501-153000.mp4,,
9915,215.75,0,6016,20250405-153000-153501.mp4,,
9915,15,0,3748,20250405-153501-154000.mp4,,
9914,87.75,0,5984,20250405-153501-154000.mp4,,
9914,7.75,0,604,20250405-154000-154501.mp4,,
9905,34.75,0,3748,20250405-154000-154501.mp4,,
9911,76,0,6016,20250405-154000-154501.mp4,,
9911,92.25,0,2104,20250405-154501-155000.mp4,,
9900,65.75,0,5884,20250405-154501-155000.mp4,,
9911,69.25,0,5984,20250405-154501-155000.mp4,,
9909,4.75,0,472,20250405-155000-155501.mp4,,
9911,81.25,0,6016,20250405-155000-155501.mp4,,
9911,28.5,0,1288,20250405-155501-160000.mp4,,
9908,32.5,0,5060,20250405-155501-160000.mp4,,
9913,64.5,0,5976,20250405-155501-160000.mp4,,
9894,14.25,0,5976,20250405-155501-160000.mp4,,
9894,34.75,0,2028,20250405-160000-160501.mp4,,
9901,138.25,0,3444,20250405-160000-160501.mp4,,
9906,1,0,6016,20250405-160000-160501.mp4,,
9901,102.25,0,6016,20250405-160000-160501.mp4,,
9901,29.25,0,4064,20250405-160501-161000.mp4,,
9901,52.75,0,5984,20250405-160501-161000.mp4,,
9894,241,0,6016,20250405-161000-161501.mp4,,
9894,79.5,0,1756,20250405-161501-162000.mp4,,
9911,281.75,0,5984,20250405-161501-162000.mp4,,
9911,23.5,0,720,20250405-162000-162500.mp4,,
9899,284,0,5448,20250405-162000-162500.mp4,,
9901,47,0,6016,20250405-162000-162500.mp4,,
9901,204,0,4240,20250405-162501-163000.mp4,,
9912,159.25,0,5984,20250405-162501-163000.mp4,,
9912,138.25,0,3532,20250405-163000-163500.mp4,,
9915,224,0,6016,20250405-163000-163500.mp4,,
9915,65.75,0,1472,20250405-163500-164000.mp4,,
9913,16.75,0,2436,20250405-163500-164000.mp4,,
9914,275.5,0,5984,20250405-163500-164000.mp4,,
9914,75.25,0,4012,20250405-164000-164500.mp4,,
9905,277.5,0,6016,20250405-164000-164500.mp4,,
9905,107.75,0,4760,20250405-164500-165000.mp4,,
9913,198,0,5984,20250405-164500-165000.mp4,,
9913,46.25,0,2196,20250405-165000-165500.mp4,,
9909,8.25,0,6016,20250405-165000-165500.mp4,,
9909,9.25,0,588,20250405-165500-165959.mp4,,
9895,55.75,0,3660,20250405-165500-165959.mp4,,
9917,51.75,0,5304,20250405-165500-165959.mp4,,
9909,17.5,0,3508,20250405-170000-170500.mp4,,
9917,35.5,0,5264,20250405-170000-170500.mp4,,
9900,39,0,6016,20250405-170000-170500.mp4,,
9900,198.5,0,3384,20250405-170500-171001.mp4,,
9906,219.75,0,5624,20250405-171001-171500.mp4,,
9909,51.5,0,5984,20250405-171001-171500.mp4,,
9909,27.25,0,2136,20250405-171500-172001.mp4,,
9909,9.75,0,5888,20250405-171500-172001.mp4,,
9909,24.75,0,3056,20250405-172001-172500.mp4,,
9916,39.5,0,3816,20250405-172001-172500.mp4,,
9909,4.25,0,4360,20250405-172001-172500.mp4,,
9903,15.25,0,6016,20250405-172500-173001.mp4,,
9903,3.75,0,1596,20250405-173001-173500.mp4,,
9911,35.75,0,5984,20250405-173001-173500.mp4,,
9911,141,0,5808,20250405-173500-174001.mp4,,
9916,27.75,0,1860,20250405-174500-175001.mp4,,
9911,42.5,0,6016,20250405-174500-175001.mp4,,
9908,51.75,0,6016,20250405-174500-175001.mp4,,
9908,57,0,1912,20250405-175001-175500.mp4,,
9917,29,0,5984,20250405-175001-175500.mp4,,
9903,5.75,0,5984,20250405-175001-175500.mp4,,
9903,8.25,0,676,20250405-175500-180001.mp4,,
9916,13,0,3256,20250405-175500-180001.mp4,,
9895,6.5,0,5472,20250405-175500-180001.mp4,,
9895,35,0,1984,20250405-180001-180500.mp4,,
9894,55.5,0,3600,20250405-180001-180500.mp4,,
9895,38.75,0,4136,20250405-180500-181001.mp4,,
9909,7.25,0,5636,20250405-180500-181001.mp4,,
9913,10.25,0,2316,20250405-181001-181500.mp4,,
9917,35.75,0,2884,20250405-181500-182000.mp4,,
9903,12.25,0,3036,20250405-181500-182000.mp4,,
9909,12,0,2204,20250405-182001-182500.mp4,,
9900,55,0,3408,20250405-182001-182500.mp4,,
9917,10.75,0,1156,20250405-182500-183000.mp4,,
9909,9.75,0,2192,20250405-182500-183000.mp4,,
9911,6.75,0,4464,20250405-182500-183000.mp4,,
9908,11.75,0,1392,20250405-183000-183500.mp4,,
9908,14.75,0,5744,20250405-183000-183500.mp4,,
9895,43.25,0,4464,20250405-183500-184000.mp4,,
9908,10.5,0,4776,20250405-183500-184000.mp4,,
9908,9,0,6016,20250405-183500-184000.mp4,,
9908,0.25,0,40,20250405-184000-184500.mp4,,
9908,5.5,0,5984,20250405-184000-184500.mp4,,
9909,13.75,0,1208,20250405-184500-185000.mp4,,
9900,44.75,0,2852,20250405-184500-185000.mp4,,
9909,32.5,0,1224,20250405-185000-185459.mp4,,
9913,72,0,5728,20250405-185000-185459.mp4,,
9903,10,0,5984,20250405-185000-185459.mp4,,
9903,13.5,0,2608,20250405-185500-190000.mp4,,
9909,10.5,0,5300,20250405-185500-190000.mp4,,
9903,9.25,0,3828,20250405-190000-190501.mp4,,
9916,160.75,0,3856,20250405-190000-190501.mp4,,
9911,58,0,3732,20250405-190501-191000.mp4,,
9913,5.5,0,5984,20250405-190501-191000.mp4,,
9913,267.75,0,4444,20250405-191000-191501.mp4,,
9903,100.75,0,6016,20250405-191000-191501.mp4,,
9903,244.75,0,4556,20250405-191501-192000.mp4,,
9905,102.5,0,5984,20250405-191501-192000.mp4,,
9905,12.5,0,900,20250405-192000-192501.mp4,,
9917,242,0,5984,20250405-192501-193000.mp4,,
9917,198,0,4400,20250405-193000-193501.mp4,,
9900,70.5,0,2748,20250405-193501-194000.mp4,,
9895,53.5,0,5984,20250405-193501-194000.mp4,,
9895,255.5,0,4484,20250405-194000-194501.mp4,,
9900,28.75,0,5424,20250405-194000-194501.mp4,,
9909,261,0,5984,20250405-194501-195000.mp4,,
9909,175.25,0,2980,20250405-195000-195501.mp4,,
9911,41.5,0,5984,20250405-201501-202000.mp4,,
9911,244.5,0,5680,20250405-202000-202500.mp4,,
9901,55.5,0,5652,20250405-210500-211001.mp4,,
9916,65,0,4960,20250405-211001-211500.mp4,,
9900,7.5,0,4328,20250405-212500-213001.mp4,,
9914,281.75,0,5984,20250405-214001-214500.mp4,,
9894,56.25,0,5984,20250405-214001-214500.mp4,,
9894,225.5,0,3912,20250405-214500-215001.mp4,,
9908,125.75,0,6016,20250405-214500-215001.mp4,,
9908,371.75,0,5984,20250405-215001-215500.mp4,,
9908,113,0,3748,20250405-215500-220001.mp4,,
9915,251.5,0,6014,20250405-215500-220001.mp4,,
9915,148.25,0,4788,20250405-220001-220500.mp4,,
9905,193,0,5984,20250405-220001-220500.mp4,,
9905,124.25,0,2384,20250405-220500-221000.mp4,,
9894,80.5,0,4508,20250405-220500-221000.mp4,,
9894,63,0,5092,20250405-221500-222000.mp4,,
9916,247.25,0,5984,20250405-223000-223500.mp4,,
9916,67.25,0,1240,20250405-223500-224000.mp4,,
9903,43,0,5872,20250405-223500-224000.mp4,,
9900,226.75,0,6016,20250405-232000-232501.mp4,,
9900,10.25,0,1788,20250405-232501-233000.mp4,,
9901,79.5,0,5984,20250405-232501-233000.mp4,,
9901,61.25,0,1712,20250405-233000-233501.mp4,,
9911,20.5,0,1716,20250405-233501-234000.mp4,,
9894,3.5,0,2880,20250405-235000-235501.mp4,,
9903,5,0,6016,20250406-002000-002500.mp4,,
9914,77,0,2112,20250406-003500-003959.mp4,,
9914,12.5,0,744,20250406-004000-004500.mp4,,
9917,37,0,4268,20250406-010500-011001.mp4,,
9895,17.25,0,6016,20250406-014500-015001.mp4,,
9895,70,0,1644,20250406-015001-015500.mp4,,
9909,5.75,0,5984,20250406-015001-015500.mp4,,
9906,21.25,0,2320,20250406-020001-020500.mp4,,
9901,178.5,0,5984,20250406-020001-020500.mp4,,
9906,14,0,6016,20250406-020500-021000.mp4,,
9906,75.5,0,4836,20250406-022000-022500.mp4,,
9906,11.25,0,5492,20250406-022000-022500.mp4,,
9899,5.75,0,1408,20250406-022500-023000.mp4,,
9894,97.25,0,5144,20250406-022500-023000.mp4,,
9913,9.5,0,4036,20250406-023000-023459.mp4,,
9913,12.5,0,3732,20250406-023500-024000.mp4,,
9911,86.5,0,6016,20250406-024000-024501.mp4,,
9911,16.75,0,508,20250406-024501-025000.mp4,,
9915,0.5,0,2800,20250406-025501-030000.mp4,,
9916,8.75,0,3148,20250406-025501-030000.mp4,,
9917,66,0,5984,20250406-032501-033000.mp4,,
9901,52.25,0,5984,20250406-032501-033000.mp4,,
9901,31.5,0,3240,20250406-033000-033501.mp4,,
9913,3,0,1712,20250406-033501-034000.mp4,,
9911,3.75,0,6016,20250406-034000-034501.mp4,,
9900,22,0,4784,20250406-043500-044000.mp4,,
9915,30.25,0,6016,20250406-043500-044000.mp4,,
9915,4.5,0,808,20250406-044000-044501.mp4,,
9914,16,0,2156,20250406-051000-051501.mp4,,
9894,21.5,0,6016,20250406-051000-051501.mp4,,
9914,2.5,0,932,20250406-051501-052000.mp4,,
9906,17,0,1904,20250406-051501-052000.mp4,,
9901,254.5,0,5984,20250406-051501-052000.mp4,,
9901,107.25,0,2236,20250406-052000-052501.mp4,,
9903,211.25,0,6016,20250406-052000-052501.mp4,,
9903,25.25,0,6016,20250406-052000-052501.mp4,,
9903,24.25,0,548,20250406-052501-053000.mp4,,
9914,210.5,0,4128,20250406-052501-053000.mp4,,
9903,109.5,0,5984,20250406-052501-053000.mp4,,
9903,104,0,4188,20250406-053000-053501.mp4,,
9899,29,0,6016,20250406-053000-053501.mp4,,
9899,44.5,0,1764,20250406-053501-054000.mp4,,
9899,208.25,0,5984,20250406-053501-054000.mp4,,
9899,87,0,1496,20250406-054000-054501.mp4,,
9908,273,0,6016,20250406-054000-054501.mp4,,
9908,112.5,0,2000,20250406-054501-055000.mp4,,
9895,202.5,0,5384,20250406-054501-055000.mp4,,
9913,40.5,0,5984,20250406-054501-055000.mp4,,
9913,281.25,0,4660,20250406-055000-055500.mp4,,
9915,200.5,0,3380,20250406-060000-060500.mp4,,
9909,164.5,0,6016,20250406-060000-060500.mp4,,
9909,169.25,0,3068,20250406-060500-061000.mp4,,
9911,196.25,0,5984,20250406-060500-061000.mp4,,
9911,373.75,0,6016,20250406-061000-061500.mp4,,
9911,113.5,0,3404,20250406-061500-062000.mp4,,
9894,248.25,0,5984,20250406-061500-062000.mp4,,
9894,365,0,6016,20250406-062000-062500.mp4,,
9900,254.5,0,5984,20250406-062500-062959.mp4,,
9903,108.5,0,5984,20250406-062500-062959.mp4,,
9903,371.5,0,6016,20250406-063000-063500.mp4,,
9903,33,0,1032,20250406-063500-064001.mp4,,
9916,284.75,0,5980,20250406-063500-064001.mp4,,
9917,2.75,0,6016,20250406-063500-064001.mp4,,
9917,66.25,0,1124,20250406-064001-064500.mp4,,
9917,11.5,0,1392,20250406-064001-064500.mp4,,
9917,72.25,0,6016,20250406-064500-065001.mp4,,
9905,291,0,6016,20250406-064500-065001.mp4,,
9905,64,0,2276,20250406-065001-065500.mp4,,
9906,27,0,2068,20250406-065500-070001.mp4,,
9905,58.5,0,4192,20250406-065500-070001.mp4,,
9909,32.75,0,2008,20250406-070001-070500.mp4,,
9914,34.75,0,5652,20250406-070500-071001.mp4,,
9900,51,0,4520,20250406-075500-080000.mp4,,
9914,27.75,0,5872,20250406-075500-080000.mp4,,
9914,39.25,0,2332,20250406-080000-080500.mp4,,
9915,35,0,2520,20250406-080500-081000.mp4,,
9900,97,0,5672,20250406-081500-082000.mp4,,
9894,19.75,0,5984,20250406-082000-082459.mp4,,
9894,65.25,0,1512,20250406-082500-083000.mp4,,
9899,11.25,0,2940,20250406-082500-083000.mp4,,
9909,20,0,5372,20250406-083501-084000.mp4,,
9913,16.75,0,4224,20250406-084501-085000.mp4,,
9895,46.25,0,5000,20250406-085000-085501.mp4,,
9905,54.75,0,5974,20250406-085501-090000.mp4,,
9895,149.75,0,5984,20250406-090501-091000.mp4,,
9895,118.75,0,4336,20250406-091000-091501.mp4,,
9913,224.5,0,6016,20250406-092000-092501.mp4,,
9913,72,0,2608,20250406-092501-093000.mp4,,
9906,25.75,0,4488,20250406-093000-093501.mp4,,
9909,12.75,0,4492,20250406-093000-093501.mp4,,
9909,0.75,0,3076,20250406-093501-094000.mp4,,
9914,5.75,0,5984,20250406-093501-094000.mp4,,
9906,5,0,1928,20250406-094000-094500.mp4,,
9911,5.25,0,6016,20250406-094000-094500.mp4,,
9911,12.75,0,2580,20250406-094501-095000.mp4,,
9914,24.5,0,5580,20250406-094501-095000.mp4,,
9901,10.5,0,1212,20250406-095000-095500.mp4,,
9905,2.25,0,3304,20250406-095000-095500.mp4,,
9901,53.5,0,5448,20250406-095000-095500.mp4,,
9915,16.25,0,5872,20250406-095000-095500.mp4,,
9906,5.5,0,5982,20250406-095500-100000.mp4,,
9909,8,0,5868,20250406-100000-100500.mp4,,
9899,48.75,0,6016,20250406-100000-100500.mp4,,
9909,1.25,0,6016,20250406-100000-100500.mp4,,
9915,8,0,3044,20250406-100500-101000.mp4,,
9916,24.5,0,5984,20250406-100500-101000.mp4,,
9916,6,0,912,20250406-101000-101500.mp4,,
9906,88,0,4820,20250406-101000-101500.mp4,,
9899,4,0,6016,20250406-101000-101500.mp4,,
9899,150.5,0,3604,20250406-101500-101959.mp4,,
9914,54,0,5540,20250406-101500-101959.mp4,,
9906,326,0,6016,20250406-102000-102500.mp4,,
9915,17,0,6016,20250406-102000-102500.mp4,,
9915,290.5,0,5820,20250406-102500-103001.mp4,,
9901,75,0,6016,20250406-102500-103001.mp4,,
9901,252.25,0,4488,20250406-103001-103500.mp4,,
9909,86.25,0,5984,20250406-103001-103500.mp4,,
9909,203.75,0,3496,20250406-103500-104001.mp4,,
9894,156.25,0,6016,20250406-103500-104001.mp4,,
9894,249.5,0,4280,20250406-104001-104500.mp4,,
9914,112.25,0,5984,20250406-104001-104500.mp4,,
9914,192.75,0,6016,20250406-104500-105001.mp4,,
9912,172.25,0,6016,20250406-104500-105001.mp4,,
9912,231.5,0,4148,20250406-105001-105500.mp4,,
9899,128,0,5984,20250406-105001-105500.mp4,,
9899,310.75,0,5192,20250406-105500-110001.mp4,,
9903,41.75,0,6010,20250406-105500-110001.mp4,,
9903,28.75,0,600,20250406-110001-110500.mp4,,
9903,67.75,0,2096,20250406-110001-110500.mp4,,
9916,34,0,4708,20250406-110001-110500.mp4,,
9900,194.75,0,5984,20250406-110001-110500.mp4,,
9900,369,0,6016,20250406-110500-111001.mp4,,
9908,371.25,0,5984,20250406-111001-111500.mp4,,
9908,159.25,0,6016,20250406-111500-112001.mp4,,
9911,200.5,0,6016,20250406-111500-112001.mp4,,
9911,243,0,5088,20250406-112001-112500.mp4,,
9916,111.75,0,5984,20250406-112001-112500.mp4,,
9916,165.25,0,3260,20250406-112500-113001.mp4,,
9905,174.25,0,6016,20250406-112500-113001.mp4,,
9905,116.25,0,2040,20250406-113001-113500.mp4,,
9905,24.25,0,5432,20250406-113001-113500.mp4,,
9905,8.75,0,5984,20250406-113001-113500.mp4,,
9909,6,0,2004,20250406-113500-114000.mp4,,
9895,41,0,5984,20250406-114001-114500.mp4,,
9903,318.75,0,6016,20250406-114500-115000.mp4,,
9903,27.25,0,612,20250406-115000-115500.mp4,,
9909,14.75,0,3436,20250406-115000-115500.mp4,,
9911,29,0,676,20250406-115500-120000.mp4,,
9895,43,0,5998,20250406-115500-120000.mp4,,
9909,7,0,4480,20250406-120000-120500.mp4,,
9895,6.25,0,1036,20250406-120500-121000.mp4,,
9917,37,0,3788,20250406-120500-121000.mp4,,
9894,213,0,6016,20250406-121500-122000.mp4,,
9894,60,0,1280,20250406-122000-122501.mp4,,
9894,39,0,4292,20250406-122000-122501.mp4,,
9913,40,0,6016,20250406-124000-124501.mp4,,
9913,44.5,0,1416,20250406-124501-125000.mp4,,
9895,31.75,0,1880,20250406-131000-131501.mp4,,
9905,33.5,0,6016,20250406-131000-131501.mp4,,
9905,132,0,2492,20250406-131501-132000.mp4,,
9903,27.5,0,5984,20250406-131501-132000.mp4,,
9903,20.75,0,2120,20250406-132000-132501.mp4,,
9913,34,0,2376,20250406-132000-132501.mp4,,
9895,55.5,0,4256,20250406-132000-132501.mp4,,
9901,58.25,0,6016,20250406-132000-132501.mp4,,
9901,130.75,0,5984,20250406-132501-133000.mp4,,
9895,16.25,0,2876,20250406-133000-133500.mp4,,
9917,188.75,0,6016,20250406-133000-133500.mp4,,
9917,233.5,0,3828,20250406-133501-134000.mp4,,
9912,88.25,0,5628,20250406-133501-134000.mp4,,
9909,17,0,2472,20250406-134000-134500.mp4,,
9913,92.75,0,3400,20250406-134500-135000.mp4,,
9895,53,0,1568,20250406-135000-135500.mp4,,
9895,33.5,0,3112,20250406-135000-135500.mp4,,
9912,48,0,6016,20250406-135000-135500.mp4,,
9905,14,0,6016,20250406-135000-135500.mp4,,
9905,36.5,0,1984,20250406-135500-140000.mp4,,
9912,7.25,0,3812,20250406-135500-140000.mp4,,
9895,35,0,6016,20250406-140000-140500.mp4,,
9900,43.25,0,4200,20250406-140500-140959.mp4,,
9905,17.25,0,5984,20250406-140500-140959.mp4,,
9917,64.25,0,5644,20250406-141000-141500.mp4,,
9906,39.75,0,4988,20250406-141500-142001.mp4,,
9909,298.75,0,6016,20250406-141500-142001.mp4,,
9909,38.75,0,700,20250406-142001-142500.mp4,,
9914,31.75,0,2340,20250406-142001-142500.mp4,,
9909,15.75,0,1788,20250406-142500-143001.mp4,,
9905,72,0,6016,20250406-142500-143001.mp4,,
9912,2,0,1208,20250406-143500-144001.mp4,,
9901,22.5,0,5544,20250406-143500-144001.mp4,,
9894,26.25,0,4296,20250406-144500-145001.mp4,,
9895,88,0,5984,20250406-145001-145500.mp4,,
9895,220,0,6011,20250406-145500-150001.mp4,,
9913,146,0,6011,20250406-145500-150001.mp4,,
9913,163.25,0,2896,20250406-150001-150500.mp4,,
9912,179.25,0,5896,20250406-150001-150500.mp4,,
9900,2.5,0,5984,20250406-150001-150500.mp4,,
9900,83.75,0,1748,20250406-150500-151001.mp4,,
9903,24.5,0,6016,20250406-150500-151001.mp4,,
9901,114.25,0,5984,20250406-151001-151500.mp4,,
9894,9.25,0,5984,20250406-151001-151500.mp4,,
9894,51.25,0,2524,20250406-151500-152001.mp4,,
9908,31.5,0,5984,20250406-152001-152500.mp4,,
9911,88.5,0,6016,20250406-152500-153000.mp4,,
9911,4.75,0,1688,20250406-153001-153500.mp4,,
9903,42.25,0,5984,20250406-153001-153500.mp4,,
9916,107,0,2412,20250406-154500-155000.mp4,,
9906,90.25,0,5260,20250406-155500-160000.mp4,,
9901,135.5,0,6000,20250406-155500-160000.mp4,,
9908,20.75,0,4800,20250406-160000-160459.mp4,,
9900,72,0,5984,20250406-160000-160459.mp4,,
9900,5.5,0,288,20250406-160500-161000.mp4,,
9917,22.75,0,6016,20250406-160500-161000.mp4,,
9917,28.5,0,1244,20250406-161000-161501.mp4,,
9899,294.5,0,6016,20250406-161000-161501.mp4,,
9906,21.75,0,6016,20250406-161000-161501.mp4,,
9906,196,0,3536,20250406-161501-162000.mp4,,
9915,166.5,0,5984,20250406-161501-162000.mp4,,
9915,82.75,0,3456,20250406-162000-162501.mp4,,
9912,284.5,0,6016,20250406-162000-162501.mp4,,
9912,71.75,0,1324,20250406-162501-163000.mp4,,
9905,292.5,0,5984,20250406-162501-163000.mp4,,
9905,348.5,0,6016,20250406-163000-163501.mp4,,
9903,371.75,0,5984,20250406-163501-164000.mp4,,
9903,55.75,0,1180,20250406-164000-164501.mp4,,
9914,288.25,0,6016,20250406-164000-164501.mp4,,
9914,349.5,0,5756,20250406-164501-165000.mp4,,
9894,10.5,0,5984,20250406-164501-165000.mp4,,
9894,93.75,0,1900,20250406-165000-165501.mp4,,
9911,96.5,0,5772,20250406-165000-165501.mp4,,
9911,168,0,6016,20250406-165000-165501.mp4,,
9911,55,0,972,20250406-165501-170000.mp4,,
9900,302.75,0,5976,20250406-165501-170000.mp4,,
9908,365,0,6016,20250406-170000-170501.mp4,,
9908,147.5,0,2504,20250406-170501-171000.mp4,,
9916,214.5,0,5984,20250406-170501-171000.mp4,,
9916,76.25,0,1564,20250406-171000-171501.mp4,,
9895,22.75,0,2208,20250406-171000-171501.mp4,,
9917,202,0,6016,20250406-171000-171501.mp4,,
9917,6,0,1104,20250406-171501-172000.mp4,,
9917,46.5,0,2684,20250406-171501-172000.mp4,,
9909,96,0,5960,20250406-171501-172000.mp4,,
9909,14.25,0,6016,20250406-172000-172501.mp4,,
9909,34.25,0,5984,20250406-172501-173000.mp4,,
9909,22.75,0,6016,20250406-173000-173500.mp4,,
9909,10.25,0,744,20250406-173500-174000.mp4,,
9914,5,0,3748,20250406-173500-174000.mp4,,
9895,51.5,0,5896,20250406-173500-174000.mp4,,
9894,41.25,0,3464,20250406-174000-174500.mp4,,
9913,35,0,6016,20250406-174000-174500.mp4,,
9894,45.25,0,1396,20250406-174500-175000.mp4,,
9895,11.75,0,1216,20250406-175000-175500.mp4,,
9900,67,0,5800,20250406-175000-175500.mp4,,
9899,40.5,0,2392,20250406-175500-175959.mp4,,
9895,34,0,4392,20250406-175500-175959.mp4,,
9917,57.5,0,5964,20250406-175500-175959.mp4,,
9915,1.75,0,2564,20250406-180500-181001.mp4,,
9908,1.75,0,5584,20250406-181001-181500.mp4,,
9917,347,0,6016,20250406-181500-182001.mp4,,
9917,91.75,0,2120,20250406-182001-182500.mp4,,
9903,13.75,0,3364,20250406-182001-182500.mp4,,
9909,14.5,0,4728,20250406-182001-182500.mp4,,
9906,15.5,0,5984,20250406-182001-182500.mp4,,
9906,8.25,0,5672,20250406-182500-183001.mp4,,
9895,33,0,3896,20250406-183001-183500.mp4,,
9909,7.5,0,4640,20250406-183001-183500.mp4,,
9900,0.25,0,6016,20250406-183500-184001.mp4,,
9900,81.5,0,1588,20250406-184001-184500.mp4,,
9895,24.5,0,3068,20250406-184001-184500.mp4,,
9909,5.5,0,1924,20250406-184500-185001.mp4,,
9908,16.75,0,2956,20250406-184500-185001.mp4,,
9908,98.25,0,6012,20250406-185500-190001.mp4,,
9908,4.5,0,596,20250406-191001-191500.mp4,,
9905,7.75,0,4464,20250406-191001-191500.mp4,,
9913,233,0,6016,20250406-191500-192001.mp4,,
9913,42.75,0,840,20250406-192001-192500.mp4,,
9903,95.75,0,3020,20250406-192001-192500.mp4,,
9899,36,0,3984,20250406-192001-192500.mp4,,
9899,1.75,0,4592,20250406-192001-192500.mp4,,
9894,4.75,0,1080,20250406-193500-194000.mp4,,
9917,27,0,3208,20250406-194000-194500.mp4,,
9909,84.5,0,6016,20250406-203000-203501.mp4,,
9909,293.75,0,4812,20250406-203501-204000.mp4,,
9903,271,0,5977,20250406-205501-210000.mp4,,
9916,231,0,5812,20250406-210000-210501.mp4,,
9911,246.5,0,5984,20250406-210501-211000.mp4,,
9911,205,0,3664,20250406-211000-211501.mp4,,
9912,141.5,0,6016,20250406-211000-211501.mp4,,
9912,136.5,0,2520,20250406-211501-212000.mp4,,
9914,17,0,6016,20250406-212000-212500.mp4,,
9914,278.25,0,4628,20250406-212500-213000.mp4,,
9914,24.25,0,5444,20250406-212500-213000.mp4,,
9900,268.25,0,5984,20250406-214500-214959.mp4,,
9900,69.75,0,1408,20250406-215000-215500.mp4,,
9895,290.75,0,6016,20250406-221500-222001.mp4,,
9901,301,0,5340,20250406-222001-222500.mp4,,
9915,42.5,0,5984,20250406-222001-222500.mp4,,
9915,315.5,0,6016,20250406-222500-223001.mp4,,
9917,271,0,5604,20250406-223001-223500.mp4,,
9908,10.75,0,5984,20250406-223001-223500.mp4,,
9908,347.5,0,6016,20250406-223500-224001.mp4,,
9908,169.5,0,3324,20250406-224001-224500.mp4,,
9903,24.25,0,1856,20250406-224500-225001.mp4,,
9909,32,0,3848,20250406-233500-234000.mp4,,
9916,23.5,0,2928,20250406-234000-234459.mp4,,
9894,166.5,0,3528,20250407-001000-001501.mp4,,
9894,33,0,2412,20250407-001501-002000.mp4,,
9894,46.75,0,5984,20250407-002501-003000.mp4,,
9894,41.75,0,1204,20250407-003000-003501.mp4,,
9911,61.5,0,1684,20250407-004501-005000.mp4,,
9911,7.25,0,4468,20250407-004501-005000.mp4,,
9914,6,0,1936,20250407-005000-005501.mp4,,
9916,7.5,0,3388,20250407-005501-010000.mp4,,
9909,0.25,0,4368,20250407-020001-020500.mp4,,
9899,19,0,5476,20250407-020001-020500.mp4,,
9917,46.75,0,2652,20250407-021001-021500.mp4,,
9905,20.25,0,5812,20250407-021001-021500.mp4,,
9913,39.75,0,3564,20250407-022001-022500.mp4,,
9913,52,0,1124,20250407-022500-023001.mp4,,
9913,6.5,0,1484,20250407-022500-023001.mp4,,
9913,15.25,0,2044,20250407-022500-023001.mp4,,
9911,11.25,0,6016,20250407-022500-023001.mp4,,
9911,91.25,0,1788,20250407-023001-023500.mp4,,
9909,10.5,0,5044,20250407-023001-023500.mp4,,
9917,18.75,0,4652,20250407-023500-024001.mp4,,
9894,109,0,3544,20250407-024001-024500.mp4,,
9913,39.25,0,4460,20250407-024001-024500.mp4,,
9913,13.5,0,4948,20250407-024001-024500.mp4,,
9903,2.25,0,5136,20250407-024001-024500.mp4,,
9903,9.75,0,1504,20250407-024500-025001.mp4,,
9916,15.25,0,1020,20250407-025001-025500.mp4,,
9917,1.5,0,3028,20250407-025500-030000.mp4,,
9914,0.5,0,4112,20250407-025500-030000.mp4,,
9894,134.5,0,3080,20250407-040500-041001.mp4,,
9915,360,0,6016,20250407-050500-051000.mp4,,
9915,103.75,0,5984,20250407-051000-051500.mp4,,
9914,223,0,5984,20250407-051000-051500.mp4,,
9914,189,0,3804,20250407-051500-052000.mp4,,
9906,10.75,0,6016,20250407-051500-052000.mp4,,
9906,205.75,0,5140,20250407-052000-052500.mp4,,
9903,159.25,0,5984,20250407-052000-052500.mp4,,
9903,364.75,0,6016,20250407-052500-053000.mp4,,
9900,371.75,0,5984,20250407-053000-053459.mp4,,
9900,269.75,0,5260,20250407-053500-054000.mp4,,
9894,85.75,0,6016,20250407-053500-054000.mp4,,
9894,234.25,0,3952,20250407-054000-054501.mp4,,
9901,130.5,0,6016,20250407-054000-054501.mp4,,
9901,139.5,0,2888,20250407-054501-055000.mp4,,
9916,201.25,0,5984,20250407-054501-055000.mp4,,
9916,62.25,0,1608,20250407-055000-055501.mp4,,
9905,301.75,0,6016,20250407-055000-055501.mp4,,
9905,3,0,5308,20250407-055501-060000.mp4,,
9913,360.25,0,5972,20250407-055501-060000.mp4,,
9913,78.5,0,3176,20250407-060000-060501.mp4,,
9899,289.25,0,6016,20250407-060000-060501.mp4,,
9899,284.25,0,5984,20250407-060501-061000.mp4,,
9912,78.25,0,5984,20250407-060501-061000.mp4,,
9912,237,0,3852,20250407-061000-061501.mp4,,
9912,87,0,6016,20250407-061000-061501.mp4,,
9908,39,0,6016,20250407-061000-061501.mp4,,
9908,371.75,0,5984,20250407-061501-062000.mp4,,
9908,147,0,6016,20250407-062000-062501.mp4,,
9909,220.75,0,6016,20250407-062000-062501.mp4,,
9909,210,0,5984,20250407-062501-063000.mp4,,
9911,153.75,0,5984,20250407-062501-063000.mp4,,
9911,370.5,0,6016,20250407-063000-063501.mp4,,
9911,24.75,0,1076,20250407-063501-064000.mp4,,
9895,278.25,0,6016,20250407-064000-064501.mp4,,
9895,133.25,0,2708,20250407-064501-065000.mp4,,
9917,224.75,0,5984,20250407-064501-065000.mp4,,
9917,223.25,0,4528,20250407-065000-065500.mp4,,
9915,17,0,5424,20250407-065000-065500.mp4,,
9894,116,0,4076,20250407-065501-070000.mp4,,
9916,48.75,0,5980,20250407-065501-070000.mp4,,
9894,28,0,3520,20250407-072000-072500.mp4,,
9903,5.5,0,4264,20250407-072000-072500.mp4,,
9911,9.25,0,1604,20250407-072500-073001.mp4,,
9905,16,0,2532,20250407-072500-073001.mp4,,
9895,59,0,1968,20250407-073001-073500.mp4,,
9913,22.75,0,2756,20250407-074001-074500.mp4,,
9909,15.5,0,1328,20250407-074500-075001.mp4,,
9911,71.25,0,3400,20250407-074500-075001.mp4,,
9895,70.25,0,2200,20250407-075001-075500.mp4,,
9912,1.75,0,2428,20250407-075001-075500.mp4,,
9909,3.75,0,2840,20250407-075001-075500.mp4,,
9906,22.25,0,1208,20250407-075500-080001.mp4,,
9905,18.75,0,2380,20250407-075500-080001.mp4,,
9913,14.5,0,3176,20250407-080001-080500.mp4,,
9900,135.25,0,4488,20250407-080500-081001.mp4,,
9915,86.75,0,6016,20250407-080500-081001.mp4,,
9915,98,0,3088,20250407-081001-081500.mp4,,
9916,4.75,0,3580,20250407-081001-081500.mp4,,
9913,77.5,0,5984,20250407-081001-081500.mp4,,
9915,14.75,0,5336,20250407-081500-082001.mp4,,
9903,29.25,0,4628,20250407-082001-082500.mp4,,
9905,2,0,5984,20250407-082001-082500.mp4,,
9915,10,0,1808,20250407-083001-083500.mp4,,
9895,7.25,0,3304,20250407-083001-083500.mp4,,
9913,5,0,5452,20250407-083001-083500.mp4,,
9909,6.25,0,3992,20250407-084001-084500.mp4,,
9906,61.5,0,4856,20250407-084001-084500.mp4,,
9915,17,0,5984,20250407-084001-084500.mp4,,
9911,18.5,0,3424,20250407-084500-085000.mp4,,
9900,16,0,828,20250407-085001-085500.mp4,,
9900,91.75,0,6016,20250407-090500-091000.mp4,,
9900,6.75,0,468,20250407-091000-091459.mp4,,
9903,26.75,0,1728,20250407-092000-092501.mp4,,
9906,36.5,0,6016,20250407-092000-092501.mp4,,
9906,0.25,0,484,20250407-092501-093000.mp4,,
9905,46.5,0,3748,20250407-093000-093501.mp4,,
9915,15.75,0,5032,20250407-093000-093501.mp4,,
9914,17.25,0,1848,20250407-093501-094000.mp4,,
9894,20.25,0,2832,20250407-094000-094501.mp4,,
9915,14.25,0,3588,20250407-094000-094501.mp4,,
9901,13.5,0,6016,20250407-094000-094501.mp4,,
9901,6.25,0,376,20250407-094501-095000.mp4,,
9912,61,0,3624,20250407-094501-095000.mp4,,
9894,64.5,0,5908,20250407-094501-095000.mp4,,
9901,52.5,0,5984,20250407-094501-095000.mp4,,
9901,15.25,0,4920,20250407-095000-095501.mp4,,
9915,85.5,0,6016,20250407-095000-095501.mp4,,
9915,45,0,1784,20250407-095501-100000.mp4,,
9909,38,0,3704,20250407-095501-100000.mp4,,
9895,29,0,5964,20250407-095501-100000.mp4,,
9908,88.5,0,1924,20250407-100000-100501.mp4,,
9916,34,0,4024,20250407-100000-100501.mp4,,
9901,44.5,0,6016,20250407-100000-100501.mp4,,
9901,19,0,1340,20250407-100501-101000.mp4,,
9899,11.25,0,5936,20250407-100501-101000.mp4,,
9915,13.25,0,5984,20250407-100501-101000.mp4,,
9911,16.25,0,2744,20250407-101000-101501.mp4,,
9905,32.5,0,5412,20250407-101000-101501.mp4,,
9915,15.5,0,5824,20250407-101000-101501.mp4,,
9911,7.5,0,1904,20250407-101501-102000.mp4,,
9901,53.25,0,3528,20250407-101501-102000.mp4,,
9916,29.5,0,4308,20250407-101501-102000.mp4,,
9900,27.5,0,5984,20250407-101501-102000.mp4,,
9905,5.5,0,908,20250407-102000-102501.mp4,,
9903,16.75,0,1356,20250407-102000-102501.mp4,,
9906,41.5,0,4488,20250407-102000-102501.mp4,,
9912,29.25,0,5984,20250407-102501-103000.mp4,,
9912,367.75,0,6016,20250407-103000-103501.mp4,,
9915,369,0,5984,20250407-103501-104000.mp4,,
9901,26.75,0,704,20250407-104000-104500.mp4,,
9911,259,0,6016,20250407-104000-104500.mp4,,
9911,293.5,0,5052,20250407-104501-105000.mp4,,
9914,60.25,0,5984,20250407-104501-105000.mp4,,
9914,162.25,0,3672,20250407-105000-105500.mp4,,
9906,147.75,0,6016,20250407-105000-105500.mp4,,
9899,45.25,0,6016,20250407-105000-105500.mp4,,
9899,172.75,0,5982,20250407-105500-110000.mp4,,
9913,187,0,5982,20250407-105500-110000.mp4,,
9913,48.75,0,1300,20250407-110000-110500.mp4,,
9899,12.5,0,1844,20250407-110000-110500.mp4,,
9914,46,0,3252,20250407-110000-110500.mp4,,
9903,167.75,0,5664,20250407-110000-110500.mp4,,
9905,10.25,0,6016,20250407-110000-110500.mp4,,
9905,157,0,5984,20250407-110500-111000.mp4,,
9916,95,0,5984,20250407-110500-111000.mp4,,
9916,112.75,0,1908,20250407-111000-111500.mp4,,
9905,7.25,0,3012,20250407-111000-111500.mp4,,
9895,99.25,0,5984,20250407-113001-113500.mp4,,
9895,90.25,0,2660,20250407-113500-114001.mp4,,
9894,19,0,5036,20250407-113500-114001.mp4,,
9903,11.5,0,1372,20250407-114001-114500.mp4,,
9911,18.25,0,2272,20250407-114001-114500.mp4,,
9903,14.5,0,4512,20250407-114001-114500.mp4,,
9900,229.75,0,4780,20250407-114500-115001.mp4,,
9909,62.5,0,6016,20250407-114500-115001.mp4,,
9903,14,0,3372,20250407-115001-115500.mp4,,
9909,183.75,0,3996,20250407-115001-115500.mp4,,
9899,8,0,4180,20250407-115001-115500.mp4,,
9905,20,0,4724,20250407-115001-115500.mp4,,
9901,5.75,0,5984,20250407-115001-115500.mp4,,
9895,22,0,3220,20250407-115500-120001.mp4,,
9912,9.75,0,5280,20250407-115500-120001.mp4,,
9914,14.5,0,6010,20250407-115500-120001.mp4,,
9914,7.75,0,3764,20250407-120001-120500.mp4,,
9895,51,0,5344,20250407-124001-124500.mp4,,
9917,56,0,2980,20250407-124500-125000.mp4,,
9917,149.5,0,6016,20250407-124500-125000.mp4,,
9917,73,0,2928,20250407-125000-125500.mp4,,
9905,66.75,0,4956,20250407-125000-125500.mp4,,
9894,82.5,0,5984,20250407-125000-125500.mp4,,
9894,127,0,5998,20250407-125500-130000.mp4,,
9895,49.25,0,5056,20250407-130500-131000.mp4,,
9903,14,0,3012,20250407-131000-131459.mp4,,
9895,10,0,3228,20250407-131000-131459.mp4,,
9905,12.5,0,5276,20250407-131500-132000.mp4,,
9900,14.5,0,4120,20250407-132000-132501.mp4,,
9917,28.75,0,1468,20250407-132501-133000.mp4,,
9894,1.5,0,2964,20250407-132501-133000.mp4,,
9908,285.25,0,6016,20250407-133000-133501.mp4,,
9908,369.75,0,5984,20250407-133501-134000.mp4,,
9912,168.75,0,6016,20250407-134000-134501.mp4,,
9913,200.75,0,5808,20250407-143000-143500.mp4,,
9900,49.25,0,1148,20250407-143501-144000.mp4,,
9905,41.75,0,4692,20250407-143501-144000.mp4,,
9895,51,0,5592,20250407-143501-144000.mp4,,
9909,5.75,0,5984,20250407-143501-144000.mp4,,
9909,3.5,0,3072,20250407-144000-144500.mp4,,
9909,0.25,0,3712,20250407-144000-144500.mp4,,
9895,50.25,0,3900,20250407-144500-145000.mp4,,
9905,9.75,0,4480,20250407-144500-145000.mp4,,
9909,19,0,5120,20250407-144500-145000.mp4,,
9903,160.25,0,6016,20250407-145000-145500.mp4,,
9903,79.25,0,2412,20250407-145500-150000.mp4,,
9912,43.5,0,2640,20250407-145500-150000.mp4,,
9895,15.75,0,4744,20250407-145500-150000.mp4,,
9916,28.5,0,1204,20250407-150500-150959.mp4,,
9894,4,0,2768,20250407-150500-150959.mp4,,
9895,1.75,0,4188,20250407-150500-150959.mp4,,
9895,63.75,0,5388,20250407-150500-150959.mp4,,
9908,17.5,0,2196,20250407-151000-151500.mp4,,
9911,12.5,0,2468,20250407-151000-151500.mp4,,
9905,7,0,1588,20250407-151500-152001.mp4,,
9895,9.5,0,2200,20250407-151500-152001.mp4,,
9895,13.25,0,3940,20250407-151500-152001.mp4,,
9906,82.25,0,6016,20250407-151500-152001.mp4,,
9894,58.25,0,6016,20250407-151500-152001.mp4,,
9906,65.25,0,1912,20250407-152001-152500.mp4,,
9899,7.25,0,4928,20250407-152001-152500.mp4,,
9911,48.75,0,5984,20250407-152001-152500.mp4,,
9911,65.75,0,2444,20250407-152500-153001.mp4,,
9894,74.25,0,3196,20250407-152500-153001.mp4,,
9901,17.25,0,4440,20250407-152500-153001.mp4,,
9905,14.5,0,4612,20250407-152500-153001.mp4,,
9914,7.25,0,6016,20250407-152500-153001.mp4,,
9895,14.5,0,6016,20250407-152500-153001.mp4,,
9912,47.5,0,2128,20250407-153001-153500.mp4,,
9909,7,0,2784,20250407-153001-153500.mp4,,
9909,71.5,0,5420,20250407-153500-154001.mp4,,
9894,26,0,6016,20250407-153500-154001.mp4,,
9894,54.75,0,1264,20250407-154001-154500.mp4,,
9900,26.5,0,3752,20250407-154001-154500.mp4,,
9909,39.75,0,6016,20250407-154500-155001.mp4,,
9909,31,0,3116,20250407-155001-155500.mp4,,
9895,114.75,0,5316,20250407-160001-160500.mp4,,
9917,49.25,0,5984,20250407-160001-160500.mp4,,
9917,326.75,0,6016,20250407-160500-161001.mp4,,
9901,359.25,0,5984,20250407-161001-161500.mp4,,
9899,132,0,2464,20250407-161500-162001.mp4,,
9912,227.75,0,6016,20250407-161500-162001.mp4,,
9912,27,0,560,20250407-162001-162500.mp4,,
9911,189,0,3948,20250407-162001-162500.mp4,,
9911,141.75,0,5984,20250407-162001-162500.mp4,,
9909,2.75,0,2164,20250407-162500-163000.mp4,,
9909,56.25,0,3180,20250407-162500-163000.mp4,,
9911,122,0,3684,20250407-162500-163000.mp4,,
9909,167.5,0,6016,20250407-162500-163000.mp4,,
9895,205,0,3616,20250407-163001-163500.mp4,,
9906,159.5,0,5984,20250407-163001-163500.mp4,,
9906,30,0,1092,20250407-163500-164000.mp4,,
9894,312.5,0,6016,20250407-163500-164000.mp4,,
9916,178,0,3360,20250407-164000-164500.mp4,,
9914,178,0,5984,20250407-164000-164500.mp4,,
9914,44,0,904,20250407-164500-165000.mp4,,
9900,196.5,0,4228,20250407-164500-165000.mp4,,
9905,99.25,0,6016,20250407-164500-165000.mp4,,
9905,192.5,0,3360,20250407-165000-165500.mp4,,
9916,27.5,0,4332,20250407-165000-165500.mp4,,
9903,7.25,0,5616,20250407-165000-165500.mp4,,
9917,329.75,0,6000,20250407-165500-170000.mp4,,
9916,12,0,6000,20250407-165500-170000.mp4,,
9911,29.25,0,6016,20250407-171000-171501.mp4,,
9913,48.5,0,5884,20250407-172501-173000.mp4,,
9903,23.25,0,2008,20250407-173501-174000.mp4,,
9895,12.5,0,2340,20250407-174000-174501.mp4,,
9909,44,0,6016,20250407-174000-174501.mp4,,
9909,31,0,1004,20250407-174501-175000.mp4,,
9912,49,0,2304,20250407-174501-175000.mp4,,
9908,17.5,0,5984,20250407-174501-175000.mp4,,
9913,24.5,0,2988,20250407-175000-175501.mp4,,
9908,121.5,0,3012,20250407-175000-175501.mp4,,
9908,30,0,4900,20250407-175000-175501.mp4,,
9908,21.75,0,5392,20250407-175000-175501.mp4,,
9903,31.75,0,6016,20250407-175000-175501.mp4,,
9903,212.25,0,4600,20250407-175501-180000.mp4,,
9913,4.5,0,792,20250407-180000-180501.mp4,,
9913,25.25,0,6016,20250407-180000-180501.mp4,,
9909,0.5,0,5016,20250407-180501-181000.mp4,,
9916,25.75,0,6016,20250407-181000-181501.mp4,,
9916,58.25,0,5156,20250407-181501-182000.mp4,,
9900,0.5,0,2196,20250407-183000-183500.mp4,,
9900,0.25,0,2780,20250407-183000-183500.mp4,,
9900,32.75,0,2276,20250407-183501-184000.mp4,,
9913,2.25,0,5984,20250407-183501-184000.mp4,,
9913,2.25,0,112,20250407-184000-184500.mp4,,
9913,5,0,1236,20250407-184000-184500.mp4,,
9901,11.5,0,6016,20250407-184000-184500.mp4,,
9906,12,0,3152,20250407-184500-185000.mp4,,
9906,1.25,0,5984,20250407-184500-185000.mp4,,
9913,54.5,0,3348,20250407-185000-185500.mp4,,
9911,101,0,6016,20250407-185000-185500.mp4,,
9900,81.25,0,3396,20250407-185500-185959.mp4,,
9911,12.25,0,5636,20250407-185500-185959.mp4,,
9903,108,0,5964,20250407-185500-185959.mp4,,
9903,32.25,0,808,20250407-190000-190500.mp4,,
9903,25,0,1928,20250407-190000-190500.mp4,,
9894,33.25,0,5164,20250407-190000-190500.mp4,,
9913,45.75,0,6016,20250407-190000-190500.mp4,,
9913,285,0,4712,20250407-190500-191001.mp4,,
9905,15.75,0,5112,20250407-190500-191001.mp4,,
9908,4,0,836,20250407-191001-191500.mp4,,
9916,46.25,0,3092,20250407-191001-191500.mp4,,
9908,0.75,0,4320,20250407-191001-191500.mp4,,
9916,6.75,0,4736,20250407-191001-191500.mp4,,
9914,1,0,5984,20250407-191001-191500.mp4,,
9917,13,0,1772,20250407-192500-193001.mp4,,
9903,37.5,0,6016,20250407-192500-193001.mp4,,
9903,289.5,0,5440,20250407-193001-193500.mp4,,
9903,38,0,904,20250407-193500-194001.mp4,,
9895,42.75,0,2948,20250407-193500-194001.mp4,,
9909,10.25,0,1488,20250407-194001-194500.mp4,,
9900,96.5,0,6012,20250407-195500-200001.mp4,,
9900,10,0,396,20250407-200001-200500.mp4,,
9914,102,0,4808,20250407-200001-200500.mp4,,
9916,71.5,0,5984,20250407-200001-200500.mp4,,
9916,12,0,388,20250407-200500-201001.mp4,,
9900,158.75,0,3064,20250407-200500-201001.mp4,,
9916,142.25,0,6016,20250407-200500-201001.mp4,,
9916,8.25,0,316,20250407-201001-201500.mp4,,
9901,202.5,0,3852,20250407-201001-201500.mp4,,
9913,62.5,0,5984,20250407-201001-201500.mp4,,
9908,192.25,0,6016,20250407-202500-203000.mp4,,
9908,283,0,4900,20250407-203001-203500.mp4,,
9895,25,0,5416,20250407-204500-205000.mp4,,
9911,5.25,0,5320,20250407-205500-210000.mp4,,
9911,27.5,0,6001,20250407-205500-210000.mp4,,
9911,170.5,0,3044,20250407-210000-210501.mp4,,
9917,179,0,6016,20250407-210000-210501.mp4,,
9917,16.5,0,720,20250407-210501-211000.mp4,,
9909,281.75,0,5208,20250407-210501-211000.mp4,,
9917,17.75,0,1808,20250407-211000-211501.mp4,,
9913,49.5,0,4752,20250407-221501-222000.mp4,,
9913,49.75,0,1936,20250407-222000-222500.mp4,,
9895,2.75,0,3100,20250407-222000-222500.mp4,,
9915,10,0,5516,20250407-222000-222500.mp4,,
9914,22.5,0,5984,20250407-231001-231500.mp4,,
9914,190.5,0,3280,20250407-231500-232001.mp4,,
9913,118.75,0,6016,20250407-231500-232001.mp4,,
9913,56.25,0,1468,20250407-232001-232500.mp4,,
9903,32.5,0,6016,20250407-232500-233001.mp4,,
9903,68.75,0,1876,20250407-233001-233500.mp4,,
